code,name,division,sort_order,source_year,notes
101000,GRAND CHAMPION STALLIONS,Open,1,2026,
101100,RESERVE CHAMPION STALLIONS,Open,2,2026,
101200,GRAND CHAMPION MARES,Open,3,2026,
101300,RESERVE CHAMPION MARES,Open,4,2026,
101400,GRAND CHAMPION GELDINGS,Open,5,2026,
101500,RESERVE CHAMPION GELDINGS,Open,6,2026,
103000,WEANLING STALLIONS,Open,7,2026,
103003,WEANLING STALLIONS - Level 2,Open,8,2026,
103006,WEANLING STALLIONS - Level 3,Open,9,2026,
103100,YEARLING STALLIONS,Open,10,2026,
103103,YEARLING STALLIONS - Level 2,Open,11,2026,
103106,YEARLING STALLIONS - Level 3,Open,12,2026,
103200,TWO-YEAR-OLD STALLIONS,Open,13,2026,
103203,TWO-YEAR-OLD STALLIONS - Level 2,Open,14,2026,
103206,TWO-YEAR-OLD STALLIONS - Level 3,Open,15,2026,
103300,THREE-YEAR-OLD STALLIONS,Open,16,2026,
103303,THREE-YEAR-OLD STALLIONS - Level 2,Open,17,2026,
103306,THREE-YEAR-OLD STALLIONS - Level 3,Open,18,2026,
103400,AGED STALLIONS,Open,19,2026,
103403,AGED STALLIONS - Level 2,Open,20,2026,
103406,AGED STALLIONS - Level 3,Open,21,2026,
103600,STALLIONS TWO AND UNDER,Open,22,2026,
103603,STALLIONS TWO AND UNDER - Level 2,Open,23,2026,
103700,STALLIONS THREE AND OVER,Open,24,2026,
105001,ALL AGES MARES - Rookie,Open,25,2026,
105100,MARES TWO AND UNDER,Open,26,2026,
105102,MARES TWO AND UNDER -Level 1,Open,27,2026,
105200,MARES THREE AND OVER,Open,28,2026,
105202,MARES THREE AND OVER - Level 1,Open,29,2026,
105300,WEANLING MARES,Open,30,2026,
105302,WEANLING MARES -Level 1,Open,31,2026,
105303,WEANLING MARES - Level 2,Open,32,2026,
105306,WEANLING MARES - Level 3,Open,33,2026,
105400,YEARLING MARES,Open,34,2026,
105402,YEARLING MARES - Level 1,Open,35,2026,
105403,YEARLING MARES - Level 2,Open,36,2026,
105406,YEARLING MARES - Level 3,Open,37,2026,
105500,TWO-YEAR-OLD MARES,Open,38,2026,
105502,TWO-YEAR-OLD MARES - Level 1,Open,39,2026,
105503,TWO-YEAR-OLD MARES - Level 2,Open,40,2026,
105506,TWO-YEAR-OLD MARES - Level 3,Open,41,2026,
105600,THREE-YEAR-OLD MARES,Open,42,2026,
105602,THREE-YEAR-OLD MARES - Level 1,Open,43,2026,
105603,THREE-YEAR-OLD MARES - LEVEL 2,Open,44,2026,
105606,THREE-YEAR-OLD MARES - LEVEL 3,Open,45,2026,
105700,AGED MARES,Open,46,2026,
105702,AGED MARES - Level 1,Open,47,2026,
105703,AGED MARES - Level 2,Open,48,2026,
105706,AGED MARES - Level 3,Open,49,2026,
105800,BROODMARES,Open,50,2026,
107001,ALL AGES GELDINGS - Rookie,Open,51,2026,
107100,GELDINGS TWO AND UNDER,Open,52,2026,
107102,GELDINGS TWO AND UNDER - Level 1,Open,53,2026,
107200,GELDINGS THREE AND OVER,Open,54,2026,
107202,GELDINGS THREE AND OVER - Level 1,Open,55,2026,
107300,WEANLING GELDINGS,Open,56,2026,
107302,WEANLING GELDINGS - Level 1,Open,57,2026,
107303,WEANLING GELDINGS - Level 2,Open,58,2026,
107306,WEANLING GELDINGS - Level 3,Open,59,2026,
107400,YEARLING GELDINGS,Open,60,2026,
107402,YEARLING GELDINGS - Level 1,Open,61,2026,
107403,YEARLING GELDINGS - Level 2,Open,62,2026,
107406,YEARLING GELDINGS - Level 3,Open,63,2026,
107500,TWO-YEAR-OLD GELDINGS,Open,64,2026,
107502,TWO-YEAR-OLD GELDINGS - Level 1,Open,65,2026,
107503,TWO-YEAR-OLD GELDINGS - Level 2,Open,66,2026,
107506,TWO-YEAR-OLD GELDINGS - Level 3,Open,67,2026,
107600,THREE-YEAR-OLD GELDINGS,Open,68,2026,
107602,THREE-YEAR-OLD GELDINGS - Level 1,Open,69,2026,
107603,THREE-YEAR-OLD GELDINGS - Level 2,Open,70,2026,
107606,THREE-YEAR-OLD GELDINGS - Level 3,Open,71,2026,
107700,AGED GELDINGS,Open,72,2026,
107702,AGED GELDINGS - Level 1,Open,73,2026,
107703,AGED GELDINGS - Level 2,Open,74,2026,
107706,AGED GELDINGS - Level 3,Open,75,2026,
109000,GET OF SIRE,Open,76,2026,
109100,SIRE AND GET,Open,77,2026,
109200,PRODUCE OF DAM,Open,78,2026,
109300,MARE AND FOAL,Open,79,2026,
110000,ALL AROUND,Open,80,2026,
110100,ALL AROUND RUNNER UP,Open,81,2026,
110200,VERSATILITY RANCH HORSE,Open,82,2026,
110300,ALL AROUND 3RD PLACE,Open,83,2026,
110700,VRH COWBOY ALL-AROUND,Open,84,2026,
110900,VERSATILITY JUNIOR RANCH HORSE,Open,85,2026,
111000,VERSATILITY SENIOR RANCH HORSE,Open,86,2026,
112004,LEVEL 1 HORSE NON-PRO SHOWMANSHIP,Open,87,2026,
114000,CUTTING,Open,88,2026,
114001,CUTTING - Rookie,Open,89,2026,
114002,CUTTING - Level 1,Open,90,2026,
114003,CUTTING - Level 2,Open,91,2026,
114006,CUTTING - Level 3,Open,92,2026,
114100,JUNIOR CUTTING,Open,93,2026,
114101,JUNIOR CUTTING - Rookie,Open,94,2026,
114102,JUNIOR CUTTING - Level 1,Open,95,2026,
114103,JUNIOR CUTTING - Level 2,Open,96,2026,
114106,JUNIOR CUTTING - Level 3,Open,97,2026,
114200,SENIOR CUTTING,Open,98,2026,
114201,SENIOR CUTTING - Rookie,Open,99,2026,
114202,SENIOR CUTTING - Level 1,Open,100,2026,
114203,SENIOR CUTTING - Level 2,Open,101,2026,
114206,SENIOR CUTTING - Level 3,Open,102,2026,
116000,WORKING COW HORSE,Open,103,2026,
116001,WORKING COW HORSE - Rookie,Open,104,2026,
116002,WORKING COW HORSE - Level 1,Open,105,2026,
116003,WORKING COW HORSE - Level 2,Open,106,2026,
116006,WORKING COW HORSE - Level 3,Open,107,2026,
116100,JUNIOR WORKING COW HORSE,Open,108,2026,
116101,JUNIOR WORKING COW HORSE - Rookie,Open,109,2026,
116102,JUNIOR WORKING COW HORSE - Level 1,Open,110,2026,
116103,JUNIOR WORKING COW HORSE - Level 2,Open,111,2026,
116106,JUNIOR WORKING COW HORSE - Level 3,Open,112,2026,
116200,SENIOR WORKING COW HORSE,Open,113,2026,
116201,SENIOR WORKING COW HORSE - Rookie,Open,114,2026,
116202,SENIOR WORKING COW HORSE - Level 1,Open,115,2026,
116203,SENIOR WORKING COW HORSE - Level 2,Open,116,2026,
116206,SENIOR WORKING COW HORSE - Level 3,Open,117,2026,
116300,HACKAMORE AND SNAFFLE COW HORSE,Open,118,2026,
118000,TIE-DOWN ROPING,Open,119,2026,
118001,TIE-DOWN ROPING - Rookie,Open,120,2026,
118002,TIE-DOWN ROPING - Level 1,Open,121,2026,
118003,TIE-DOWN ROPING - Level 2,Open,122,2026,
118006,TIE-DOWN ROPING - Level 3,Open,123,2026,
118100,JUNIOR TIE-DOWN ROPING,Open,124,2026,
118101,JUNIOR TIE-DOWN ROPING - Rookie,Open,125,2026,
118102,JUNIOR TIE-DOWN ROPING - Level 1,Open,126,2026,
118103,JUNIOR TIE-DOWN ROPING - Level 2,Open,127,2026,
118106,JUNIOR TIE-DOWN ROPING - Level 3,Open,128,2026,
118200,SENIOR TIE-DOWN ROPING,Open,129,2026,
118201,SENIOR TIE-DOWN ROPING - Rookie,Open,130,2026,
118202,SENIOR TIE-DOWN ROPING - Level 1,Open,131,2026,
118203,SENIOR TIE-DOWN ROPING - Level 2,Open,132,2026,
118206,SENIOR TIE-DOWN ROPING - Level 3,Open,133,2026,
120000,BREAKAWAY ROPING,Open,134,2026,
120001,BREAKAWAY ROPING ROOKIE,Open,135,2026,
120002,BREAKAWAY ROPING LEVEL 1,Open,136,2026,
120003,BREAKAWAY ROPING LEVEL 2,Open,137,2026,
120006,BREAKAWAY ROPING LEVEL 3,Open,138,2026,
120100,JUNIOR BREAKAWAY ROPING,Open,139,2026,
120101,JUNIOR BREAKAWAY ROPING ROOKIE,Open,140,2026,
120102,JUNIOR BREAKAWAY ROPING LEVEL 1,Open,141,2026,
120103,JUNIOR BREAKAWAY ROPING LEVEL 2,Open,142,2026,
120106,JUNIOR BREAKAWAY ROPING LEVEL 3,Open,143,2026,
120200,SENIOR BREAKAWAY ROPING,Open,144,2026,
120201,SENIOR BREAKAWAY ROPING ROOKIE,Open,145,2026,
120202,SENIOR BREAKAWAY ROPING LEVEL 1,Open,146,2026,
120203,SENIOR BREAKAWAY ROPING LEVEL 2,Open,147,2026,
120206,SENIOR BREAKAWAY ROPING LEVEL 3,Open,148,2026,
122000,DALLY TEAM ROPING-HEADING,Open,149,2026,
122001,DALLY TEAM ROPING-HEADING - Rookie,Open,150,2026,
122002,DALLY TEAM ROPING-HEADING - Level 1,Open,151,2026,
122003,DALLY TEAM ROPING-HEADING - Level 2,Open,152,2026,
122006,DALLY TEAM ROPING-HEADING - Level 3,Open,153,2026,
122100,JUNIOR DALLY TEAM ROPING-HEADING,Open,154,2026,
122101,JUNIOR DALLY TEAM ROPING-HEADING - ROK,Open,155,2026,
122102,JUNIOR DALLY TEAM ROPING-HEADING - LV1,Open,156,2026,
122103,JUNIOR DALLY TEAM ROPING-HEADING - LV2,Open,157,2026,
122106,JUNIOR DALLY TEAM ROPING-HEADING - LV3,Open,158,2026,
122200,SENIOR DALLY TEAM ROPING-HEADING,Open,159,2026,
122201,SENIOR DALLY TEAM ROPING-HEADING - ROK,Open,160,2026,
122202,SENIOR DALLY TEAM ROPING-HEADING - LV1,Open,161,2026,
122203,SENIOR DALLY TEAM ROPING-HEADING - LV2,Open,162,2026,
122206,SENIOR DALLY TEAM ROPING-HEADING - LV3,Open,163,2026,
124000,DALLY TEAM ROPING-HEELING,Open,164,2026,
124001,DALLY TEAM ROPING-HEELING - Rookie,Open,165,2026,
124002,DALLY TEAM ROPING-HEELING - Level 1,Open,166,2026,
124003,DALLY TEAM ROPING-HEELING - Level 2,Open,167,2026,
124006,DALLY TEAM ROPING-HEELING - Level 3,Open,168,2026,
124100,JUNIOR DALLY TEAM ROPING-HEELING,Open,169,2026,
124101,JUNIOR DALLY TEAM ROPING-HEELING - ROK,Open,170,2026,
124102,JUNIOR DALLY TEAM ROPING-HEELING - LV1,Open,171,2026,
124103,JUNIOR DALLY TEAM ROPING-HEELING - LV2,Open,172,2026,
124106,JUNIOR DALLY TEAM ROPING-HEELING - LV3,Open,173,2026,
124200,SENIOR DALLY TEAM ROPING-HEELING,Open,174,2026,
124201,SENIOR DALLY TEAM ROPING-HEELING - ROK,Open,175,2026,
124202,SENIOR DALLY TEAM ROPING-HEELING - LV1,Open,176,2026,
124203,SENIOR DALLY TEAM ROPING-HEELING - LV2,Open,177,2026,
124206,SENIOR DALLY TEAM ROPING-HEELING - LV3,Open,178,2026,
128000,BARREL RACING,Open,179,2026,
128001,BARREL RACING - Rookie,Open,180,2026,
128004,BARREL RACING - Level 1,Open,181,2026,
128005,BARREL RACING - Level 2,Open,182,2026,
128006,BARREL RACING - Level 3,Open,183,2026,
128100,JUNIOR BARREL RACING,Open,184,2026,
128101,JUNIOR BARREL RACING - Rookie,Open,185,2026,
128104,JUNIOR BARREL RACING - Level 1,Open,186,2026,
128105,JUNIOR BARREL RACING - Level 2,Open,187,2026,
128106,JUNIOR BARREL RACING - Level 3,Open,188,2026,
128200,SENIOR BARREL RACING,Open,189,2026,
128201,SENIOR BARREL RACING - Rookie,Open,190,2026,
128204,SENIOR BARREL RACING - Level 1,Open,191,2026,
128205,SENIOR BARREL RACING - Level 2,Open,192,2026,
128206,SENIOR BARREL RACING - Level 3,Open,193,2026,
130000,POLE BENDING,Open,194,2026,
130001,POLE BENDING - Rookie,Open,195,2026,
130004,POLE BENDING - Level 1,Open,196,2026,
130005,POLE BENDING - Level 2,Open,197,2026,
130006,POLE BENDING - Level 3,Open,198,2026,
130100,JUNIOR POLE BENDING,Open,199,2026,
130101,JUNIOR POLE BENDING - Rookie,Open,200,2026,
130104,JUNIOR POLE BENDING - Level 1,Open,201,2026,
130105,JUNIOR POLE BENDING - Level 2,Open,202,2026,
130106,JUNIOR POLE BENDING - Level 3,Open,203,2026,
130200,SENIOR POLE BENDING,Open,204,2026,
130201,SENIOR POLE BENDING - Rookie,Open,205,2026,
130204,SENIOR POLE BENDING - Level 1,Open,206,2026,
130205,SENIOR POLE BENDING - Level 2,Open,207,2026,
130206,SENIOR POLE BENDING - Level 3,Open,208,2026,
134000,REINING,Open,209,2026,
134001,REINING - Rookie,Open,210,2026,
134004,REINING - Level 1,Open,211,2026,
134005,REINING - Level 2,Open,212,2026,
134006,REINING - Level 3,Open,213,2026,
134100,JUNIOR REINING,Open,214,2026,
134101,JUNIOR REINING - Rookie,Open,215,2026,
134104,JUNIOR REINING - Level 1,Open,216,2026,
134105,JUNIOR REINING - Level 2,Open,217,2026,
134106,JUNIOR REINING - Level 3,Open,218,2026,
134200,SENIOR REINING,Open,219,2026,
134201,SENIOR REINING - Rookie,Open,220,2026,
134204,SENIOR REINING - Level 1,Open,221,2026,
134205,SENIOR REINING - Level 2,Open,222,2026,
134206,SENIOR REINING - Level 3,Open,223,2026,
134300,HACKAMORE AND SNAFFLE REINING,Open,224,2026,
136000,WESTERN RIDING,Open,225,2026,
136001,WESTERN RIDING - Rookie,Open,226,2026,
136004,WESTERN RIDING - Level 1,Open,227,2026,
136005,WESTERN RIDING - Level 2,Open,228,2026,
136006,WESTERN RIDING - Level 3,Open,229,2026,
136100,JUNIOR WESTERN RIDING,Open,230,2026,
136101,JUNIOR WESTERN RIDING - Rookie,Open,231,2026,
136104,JUNIOR WESTERN RIDING - Level 1,Open,232,2026,
136105,JUNIOR WESTERN RIDING - Level 2,Open,233,2026,
136106,JUNIOR WESTERN RIDING - Level 3,Open,234,2026,
136200,SENIOR WESTERN RIDING,Open,235,2026,
136201,SENIOR WESTERN RIDING - Rookie,Open,236,2026,
136204,SENIOR WESTERN RIDING - Level 1,Open,237,2026,
136205,SENIOR WESTERN RIDING - Level 2,Open,238,2026,
136206,SENIOR WESTERN RIDING - Level 3,Open,239,2026,
138000,TRAIL,Open,240,2026,
138001,TRAIL - Rookie,Open,241,2026,
138004,TRAIL - Level 1,Open,242,2026,
138005,TRAIL - Level 2,Open,243,2026,
138006,TRAIL - Level 3,Open,244,2026,
138100,JUNIOR TRAIL,Open,245,2026,
138101,JUNIOR TRAIL - Rookie,Open,246,2026,
138104,JUNIOR TRAIL - Level 1,Open,247,2026,
138105,JUNIOR TRAIL - Level 2,Open,248,2026,
138106,JUNIOR TRAIL - Level 3,Open,249,2026,
138200,SENIOR TRAIL,Open,250,2026,
138201,SENIOR TRAIL - Rookie,Open,251,2026,
138204,SENIOR TRAIL - Level 1,Open,252,2026,
138205,SENIOR TRAIL - Level 2,Open,253,2026,
138206,SENIOR TRAIL - Level 3,Open,254,2026,
138300,IN HAND TRAIL,Open,255,2026,
140004,LEVEL 1 HORSE NON-PRO WESTERN HORSEMANSHIP,Open,256,2026,
142000,WESTERN PLEASURE,Open,257,2026,
142001,WESTERN PLEASURE - Rookie,Open,258,2026,
142004,WESTERN PLEASURE - Level 1,Open,259,2026,
142005,WESTERN PLEASURE - Level 2,Open,260,2026,
142006,WESTERN PLEASURE - Level 3,Open,261,2026,
142100,JUNIOR WESTERN PLEASURE,Open,262,2026,
142101,JUNIOR WESTERN PLEASURE - Rookie,Open,263,2026,
142104,JUNIOR WESTERN PLEASURE - Level 1,Open,264,2026,
142105,JUNIOR WESTERN PLEASURE - Level 2,Open,265,2026,
142106,JUNIOR WESTERN PLEASURE - Level 3,Open,266,2026,
142200,SENIOR WESTERN PLEASURE,Open,267,2026,
142201,SENIOR WESTERN PLEASURE - Rookie,Open,268,2026,
142204,SENIOR WESTERN PLEASURE - Level 1,Open,269,2026,
142205,SENIOR WESTERN PLEASURE - Level 2,Open,270,2026,
142206,SENIOR WESTERN PLEASURE - Level 3,Open,271,2026,
142300,TWO-YEAR-OLD WESTERN PLEASURE,Open,272,2026,
143000,RANCH RIDING,Open,273,2026,
143001,RANCH RIDING - ROOKIE,Open,274,2026,
143004,RANCH RIDING - LEVEL 1,Open,275,2026,
143005,RANCH RIDING - LEVEL 2,Open,276,2026,
143006,RANCH RIDING - LEVEL 3,Open,277,2026,
143100,JUNIOR RANCH RIDING,Open,278,2026,
143101,JUNIOR RANCH RIDING - ROOKIE,Open,279,2026,
143104,JUNIOR RANCH RIDING - LEVEL 1,Open,280,2026,
143105,JUNIOR RANCH RIDING - LEVEL 2,Open,281,2026,
143106,JUNIOR RANCH RIDING - LEVEL 3,Open,282,2026,
143200,SENIOR RANCH RIDING,Open,283,2026,
143201,SENIOR RANCH RIDING - ROOKIE,Open,284,2026,
143204,SENIOR RANCH RIDING - LEVEL 1,Open,285,2026,
143205,SENIOR RANCH RIDING - LEVEL 2,Open,286,2026,
143206,SENIOR RANCH RIDING - LEVEL 3,Open,287,2026,
144000,HUNTER UNDER SADDLE,Open,288,2026,
144001,HUNTER UNDER SADDLE - Rookie,Open,289,2026,
144004,HUNTER UNDER SADDLE - Level 1,Open,290,2026,
144005,HUNTER UNDER SADDLE - Level 2,Open,291,2026,
144006,HUNTER UNDER SADDLE - Level 3,Open,292,2026,
144100,JUNIOR HUNTER UNDER SADDLE,Open,293,2026,
144101,JUNIOR HUNTER UNDER SADDLE - Rookie,Open,294,2026,
144104,JUNIOR HUNTER UNDER SADDLE - Level 1,Open,295,2026,
144105,JUNIOR HUNTER UNDER SADDLE - Level 2,Open,296,2026,
144106,JUNIOR HUNTER UNDER SADDLE - Level 3,Open,297,2026,
144200,SENIOR HUNTER UNDER SADDLE,Open,298,2026,
144201,SENIOR HUNTER UNDER SADDLE - Rookie,Open,299,2026,
144204,SENIOR HUNTER UNDER SADDLE - Level 1,Open,300,2026,
144205,SENIOR HUNTER UNDER SADDLE - Level 2,Open,301,2026,
144206,SENIOR HUNTER UNDER SADDLE - Level 3,Open,302,2026,
148000,JUMPING,Open,303,2026,
148004,JUMPING - Level 1,Open,304,2026,
150000,WORKING HUNTER,Open,305,2026,
150001,WORKING HUNTER - Rookie,Open,306,2026,
150004,WORKING HUNTER - Level 1,Open,307,2026,
150005,WORKING HUNTER - LEVEL 2,Open,308,2026,
150006,WORKING HUNTER - Level 3,Open,309,2026,
150100,JUNIOR WORKING HUNTER,Open,310,2026,
150101,JUNIOR WORKING HUNTER - Rookie,Open,311,2026,
150104,JUNIOR WORKING HUNTER - Level 1,Open,312,2026,
150105,JUNIOR WORKING HUNTER - Level 2,Open,313,2026,
150106,JUNIOR WORKING HUNTER - Level 3,Open,314,2026,
150200,SENIOR WORKING HUNTER,Open,315,2026,
150201,SENIOR WORKING HUNTER - Rookie,Open,316,2026,
150204,SENIOR WORKING HUNTER - Level 1,Open,317,2026,
150205,SENIOR WORKING HUNTER - Level 2,Open,318,2026,
150206,SENIOR WORKING HUNTER - Level 3,Open,319,2026,
150400,PROGRESSIVE WORKING HUNTER,Open,320,2026,
151000,HUNTER HACK,Open,321,2026,
151001,HUNTER HACK - Rookie,Open,322,2026,
151004,HUNTER HACK - Level 1,Open,323,2026,
151005,HUNTER HACK - Level 2,Open,324,2026,
151006,HUNTER HACK - Level 3,Open,325,2026,
151100,JUNIOR HUNTER HACK,Open,326,2026,
151101,JUNIOR HUNTER HACK - Rookie,Open,327,2026,
151104,JUNIOR HUNTER HACK - Level 1,Open,328,2026,
151105,JUNIOR HUNTER HACK - Level 2,Open,329,2026,
151106,JUNIOR HUNTER HACK - Level 3,Open,330,2026,
151200,SENIOR HUNTER HACK,Open,331,2026,
151201,SENIOR HUNTER HACK - Rookie,Open,332,2026,
151204,SENIOR HUNTER HACK - Level 1,Open,333,2026,
151205,SENIOR HUNTER HACK - Level 2,Open,334,2026,
151206,SENIOR HUNTER HACK - Level 3,Open,335,2026,
152004,LEVEL 1 HORSE NON-PRO HUNT SEAT EQUITATION,Open,336,2026,
154000,PLEASURE DRIVING,Open,337,2026,
154100,JUNIOR PLEASURE DRIVING,Open,338,2026,
154200,SENIOR PLEASURE DRIVING,Open,339,2026,
158000,COLAS,Open,340,2026,
159000,VAQUEJADA,Open,341,2026,
160000,CALAS,Open,342,2026,
161000,LASSO CUMPRIDO,Open,343,2026,
163000,TEAM PENNING,Open,344,2026,
165000,RANCH SORTING,Open,345,2026,
167000,COWBOY MOUNTED SHOOTING,Open,346,2026,
168000,LAZO DE PANAMA,Open,347,2026,
171000,PERFORMANCE GRAND CHAMPION STALLIONS,Open,348,2026,
171100,PERFORMANCE RESERVE CHAMPION STALLIONS,Open,349,2026,
171200,PERFORMANCE GRAND CHAMPION MARES,Open,350,2026,
171300,PERFORMANCE RESERVE CHAMPION MARES,Open,351,2026,
171400,PERFORMANCE GRAND CHAMPION GELDINGS,Open,352,2026,
171500,PERFORMANCE RESERVE CHAMPION GELDINGS,Open,353,2026,
173000,PERFORMANCE HALTER STALLIONS,Open,354,2026,
173003,PERFORMANCE HALTER STALLIONS - Level 2,Open,355,2026,
173006,PERFORMANCE HALTER STALLIONS - Level 3,Open,356,2026,
175000,PERFORMANCE HALTER MARES,Open,357,2026,
175002,PERFORMANCE HALTER MARES- Level 1,Open,358,2026,
175003,PERFORMANCE HALTER MARES- Level 2,Open,359,2026,
175006,PERFORMANCE HALTER MARES- Level 3,Open,360,2026,
177000,PERFORMANCE HALTER GELDINGS,Open,361,2026,
177002,PERFORMANCE HALTER GELDINGS- Level 1,Open,362,2026,
177003,PERFORMANCE HALTER GELDINGS- Level 2,Open,363,2026,
177006,PERFORMANCE HALTER GELDINGS- Level 3,Open,364,2026,
177700,RHC OPEN TEAM ROPING HEELING,Open,365,2026,
177900,RHC OPEN STEER STOPPING,Open,366,2026,
178100,RHC OPEN 4-YR-OLD WORKING RANCH HORSE,Open,367,2026,
178200,RHC LTD OPEN 4-YR-OLD WORKING RANCH HORSE,Open,368,2026,
178300,RHC OPEN WORKING RANCH HORSE,Open,369,2026,
178500,RHC COWBOY WORKING RANCH HORSE,Open,370,2026,
178800,RHC OPEN RANCH RIDING,Open,371,2026,
179100,RHC OPEN 5 & 6 YR-OLD WORKING RANCH HORSE,Open,372,2026,
179200,RHC LTD OPEN 5 & 6 YR-OLD WORKING RANCH HORSE,Open,373,2026,
179300,RHC OPEN BARREL RACING,Open,374,2026,
179500,RHC 7 & UP WORKING RANCH HORSE,Open,375,2026,
179600,RHC OPEN RANCH CUTTING,Open,376,2026,
179700,RHC OPEN BREAKAWAY ROPING,Open,377,2026,
179900,RHC OPEN TEAM ROPING HEADING,Open,378,2026,
180000,VRH RANCH RIDING,Open,379,2026,
180100,VRH COWBOY RANCH RIDING,Open,380,2026,
180200,VRH JUNIOR RANCH RIDING,Open,381,2026,
180300,VRH SENIOR RANCH RIDING,Open,382,2026,
181000,VRH RANCH TRAIL,Open,383,2026,
181100,VRH COWBOY RANCH TRAIL,Open,384,2026,
181200,VRH JUNIOR RANCH TRAIL,Open,385,2026,
181300,VRH SENIOR RANCH TRAIL,Open,386,2026,
182000,VRH RANCH CUTTING,Open,387,2026,
182100,VRH COWBOY RANCH CUTTING,Open,388,2026,
182200,VRH JUNIOR RANCH CUTTING,Open,389,2026,
182300,VRH SENIOR RANCH CUTTING,Open,390,2026,
183000,VRH RANCH COW WORK,Open,391,2026,
183100,VRH COWBOY RANCH COW WORK,Open,392,2026,
183200,VRH JUNIOR RANCH COW WORK,Open,393,2026,
183300,VRH SENIOR RANCH COW WORK,Open,394,2026,
184000,VRH RANCH REINING,Open,395,2026,
184100,VRH COWBOY RANCH REINING,Open,396,2026,
184200,VRH JUNIOR RANCH REINING,Open,397,2026,
184300,VRH SENIOR RANCH REINING,Open,398,2026,
188000,VRH RANCH CONFORMATION,Open,399,2026,
188100,VRH COWBOY RANCH CONFORMATION,Open,400,2026,
188200,VRH JUNIOR RANCH CONFORMATION,Open,401,2026,
188300,VRH SENIOR RANCH CONFORMATION,Open,402,2026,
189000,VRH RANCH CONFORMATION CHAMPION,Open,403,2026,
189700,VRH RANCH CONFORMATION STALLIONS,Open,404,2026,
189800,VRH RANCH CONFORMATION MARES,Open,405,2026,
189900,VRH RANCH CONFORMATION GELDINGS,Open,406,2026,
190000,DRESSAGE TRAINING LEVEL - TEST 1,Open,407,2026,
190100,DRESSAGE TRAINING LEVEL - TEST 2,Open,408,2026,
190200,DRESSAGE TRAINING LEVEL - TEST 3,Open,409,2026,
190300,DRESSAGE TRAINING LEVEL HIGHEST TEST,Open,410,2026,
191000,DRESSAGE FIRST LEVEL - TEST 1,Open,411,2026,
191100,DRESSAGE FIRST LEVEL - TEST 2,Open,412,2026,
191200,DRESSAGE FIRST LEVEL - TEST 3,Open,413,2026,
192000,DRESSAGE SECOND LEVEL - TEST 1,Open,414,2026,
192100,DRESSAGE SECOND LEVEL - TEST 2,Open,415,2026,
192200,DRESSAGE SECOND LEVEL - TEST 3,Open,416,2026,
193000,DRESSAGE THIRD LEVEL - TEST 1,Open,417,2026,
193100,DRESSAGE THIRD LEVEL - TEST 2,Open,418,2026,
193200,DRESSAGE THIRD LEVEL - TEST 3,Open,419,2026,
194000,DRESSAGE FOURTH LEVEL - TEST 1,Open,420,2026,
194100,DRESSAGE FOURTH LEVEL - TEST 2,Open,421,2026,
194200,DRESSAGE FOURTH LEVEL - TEST 3,Open,422,2026,
195000,DRESSAGE FEI - PRIX ST GEORGE,Open,423,2026,
196000,DRESSAGE FEI - INTERMEDIATE I,Open,424,2026,
197000,DRESSAGE FEI - INTERMEDIATE II,Open,425,2026,
198000,DRESSAGE FEI - GRAND PRIX,Open,426,2026,
1107000,TIMED RANCH TRAIL (CHINA),Open,427,2026,
1108000,WORKING HUNTER UNDER SADDLE,Open,428,2026,
1108001,WORKING HUNTER UNDER SADDLE ROOKIE,Open,429,2026,
1108004,WORKING HUNTER UNDER SADDLE LEVEL 1,Open,430,2026,
1108005,WORKING HUNTER UNDER SADDLE LEVEL 2,Open,431,2026,
1108006,WORKING HUNTER UNDER SADDLE LEVEL 3,Open,432,2026,
1108101,JR WORKING HUNTER UNDER SADDLE ROOKIE,Open,433,2026,
1108104,JR WORKING HUNTER UNDER SADDLE LEVEL 1,Open,434,2026,
1108105,JR WORKING HUNTER UNDER SADDLE LEVEL 2,Open,435,2026,
1108106,JR WORKING HUNTER UNDER SADDLE LEVEL 3,Open,436,2026,
1108201,SR WORKING HUNTER UNDER SADDLE ROOKIE,Open,437,2026,
1108204,SR WORKING HUNTER UNDER SADDLE LEVEL 1,Open,438,2026,
1108205,SR WORKING HUNTER UNDER SADDLE LEVEL 2,Open,439,2026,
1108206,SR WORKING HUNTER UNDER SADDLE LEVEL 3,Open,440,2026,
1109000,RANCH TRAIL,Open,441,2026,
1109001,RANCH TRAIL ROOKIE,Open,442,2026,
1109004,RANCH TRAIL LEVEL 1,Open,443,2026,
1109005,RANCH TRAIL LEVEL 2,Open,444,2026,
1109006,RANCH TRAIL LEVEL 3,Open,445,2026,
1109100,JR RANCH TRAIL,Open,446,2026,
1109101,JR RANCH TRAIL ROOKIE,Open,447,2026,
1109104,JR RANCH TRAIL LEVEL 1,Open,448,2026,
1109105,JR RANCH TRAIL LEVEL 2,Open,449,2026,
1109106,JR RANCH TRAIL LEVEL 3,Open,450,2026,
1109200,SR RANCH TRAIL,Open,451,2026,
1109201,SR RANCH TRAIL ROOKIE,Open,452,2026,
1109204,SR RANCH TRAIL LEVEL 1,Open,453,2026,
1109205,SR RANCH TRAIL LEVEL 2,Open,454,2026,
1109206,SR RANCH TRAIL LEVEL 3,Open,455,2026,
1120000,WESTERN DRESSAGE BASIC TEST 1,Open,456,2026,
1121000,WESTERN DRESSAGE BASIC TEST 2,Open,457,2026,
1122000,WESTERN DRESSAGE BASIC TEST 3,Open,458,2026,
1123000,WESTERN DRESSAGE BASIC TEST 4,Open,459,2026,
1130000,WESTERN DRESSAGE LEVEL 1 TEST 1,Open,460,2026,
1131000,WESTERN DRESSAGE LEVEL 1 TEST 2,Open,461,2026,
1132000,WESTERN DRESSAGE LEVEL 1 TEST 3,Open,462,2026,
1133000,WESTERN DRESSAGE LEVEL 1 TEST 4,Open,463,2026,
1140000,WESTERN DRESSAGE LEVEL 2 TEST 1,Open,464,2026,
1141000,WESTERN DRESSAGE LEVEL 2 TEST 2,Open,465,2026,
1142000,WESTERN DRESSAGE LEVEL 2 TEST 3,Open,466,2026,
1143000,WESTERN DRESSAGE LEVEL 2 TEST 4,Open,467,2026,
1150000,WESTERN DRESSAGE LEVEL 3 TEST 1,Open,468,2026,
1151000,WESTERN DRESSAGE LEVEL 3 TEST 2,Open,469,2026,
1152000,WESTERN DRESSAGE LEVEL 3 TEST 3,Open,470,2026,
1153000,WESTERN DRESSAGE LEVEL 3 TEST 4,Open,471,2026,
1160000,WESTERN DRESSAGE LEVEL 4 TEST 1,Open,472,2026,
1161000,WESTERN DRESSAGE LEVEL 4 TEST 2,Open,473,2026,
1162000,WESTERN DRESSAGE LEVEL 4 TEST 3,Open,474,2026,
1163000,WESTERN DRESSAGE LEVEL 4 TEST 4,Open,475,2026,
1170000,WORKING WESTERN RAIL,Open,476,2026,
1170001,WORKING WESTERN RAIL ROOKIE,Open,477,2026,
1170004,WORKING WESTERN RAIL LEVEL 1,Open,478,2026,
1170005,WORKING WESTERN RAIL LEVEL 2,Open,479,2026,
1170006,WORKING WESTERN RAIL LEVEL 3,Open,480,2026,
1170100,JUNIOR WORKING WESTERN RAIL,Open,481,2026,
1170101,JUNIOR WORKING WESTERN RAIL ROOKIE,Open,482,2026,
1170104,JUNIOR WORKING WESTERN RAIL LEVEL 1,Open,483,2026,
1170105,JUNIOR WORKING WESTERN RAIL LEVEL 2,Open,484,2026,
1170106,JUNIOR WORKING WESTERN RAIL LEVEL 3,Open,485,2026,
1170200,SENIOR WORKING WESTERN RAIL,Open,486,2026,
1170201,SENIOR WORKING WESTERN RAIL ROOKIE,Open,487,2026,
1170204,SENIOR WORKING WESTERN RAIL LEVEL 1,Open,488,2026,
1170205,SENIOR WORKING WESTERN RAIL LEVEL 2,Open,489,2026,
1170206,SENIOR WORKING WESTERN RAIL LEVEL 3,Open,490,2026,
1180000,LONGE LINE,Open,491,2026,
201000,GRAND CHAMPION STALLIONS,Amateur,1,2026,
201100,RESERVE CHAMPION STALLIONS,Amateur,2,2026,
201200,GRAND CHAMPION MARES,Amateur,3,2026,
201202,GRAND CHAMPION MARES - Level 1,Amateur,4,2026,
201300,RESERVE CHAMPION MARES,Amateur,5,2026,
201302,RESERVE CHAMPION MARES - Level 1,Amateur,6,2026,
201400,GRAND CHAMPION GELDINGS,Amateur,7,2026,
201402,GRAND CHAMPION GELDINGS - Level 1,Amateur,8,2026,
201500,RESERVE CHAMPION GELDINGS,Amateur,9,2026,
201502,RESERVE CHAMPION GELDINGS - Level 1,Amateur,10,2026,
203000,WEANLING STALLIONS,Amateur,11,2026,
203003,WEANLING STALLIONS - Level 2,Amateur,12,2026,
203006,WEANLING STALLIONS - Level 3,Amateur,13,2026,
203100,YEARLING STALLIONS,Amateur,14,2026,
203103,YEARLING STALLIONS - Level 2,Amateur,15,2026,
203106,YEARLING STALLIONS - Level 3,Amateur,16,2026,
203200,TWO-YEAR-OLD STALLIONS,Amateur,17,2026,
203203,TWO-YEAR-OLD STALLIONS - Level 2,Amateur,18,2026,
203206,TWO-YEAR-OLD STALLIONS - Level 3,Amateur,19,2026,
203300,THREE-YEAR-OLD STALLIONS,Amateur,20,2026,
203303,THREE-YEAR-OLD STALLIONS - Level 2,Amateur,21,2026,
203306,THREE-YEAR-OLD STALLIONS - Level 3,Amateur,22,2026,
203400,AGED STALLIONS,Amateur,23,2026,
203403,AGED STALLIONS - Level 2,Amateur,24,2026,
203406,AGED STALLIONS - Level 3,Amateur,25,2026,
203600,STALLIONS TWO AND UNDER,Amateur,26,2026,
203700,STALLIONS THREE AND OVER,Amateur,27,2026,
205001,ALL AGES MARES - Rookie,Amateur,28,2026,
205100,MARES TWO AND UNDER,Amateur,29,2026,
205102,MARES TWO AND UNDER - Level 1,Amateur,30,2026,
205103,MARES TWO AND UNDER - Level 2,Amateur,31,2026,
205106,MARES TWO AND UNDER - Level 3,Amateur,32,2026,
205200,MARES THREE AND OVER,Amateur,33,2026,
205202,MARES THREE AND OVER - Level 1,Amateur,34,2026,
205300,WEANLING MARES,Amateur,35,2026,
205302,WEANLING MARES - Level 1,Amateur,36,2026,
205303,WEANLING MARES - Level 2,Amateur,37,2026,
205306,WEANLING MARES - Level 3,Amateur,38,2026,
205400,YEARLING MARES,Amateur,39,2026,
205402,YEARLING MARES - Level 1,Amateur,40,2026,
205403,YEARLING MARES - Level 2,Amateur,41,2026,
205406,YEARLING MARES - Level 3,Amateur,42,2026,
205500,TWO-YEAR-OLD MARES,Amateur,43,2026,
205502,TWO-YEAR-OLD MARES - Level 1,Amateur,44,2026,
205503,TWO-YEAR-OLD MARES - Level 2,Amateur,45,2026,
205506,TWO-YEAR-OLD MARES - Level 3,Amateur,46,2026,
205600,THREE-YEAR-OLD MARES,Amateur,47,2026,
205602,THREE-YEAR-OLD MARES - Level 1,Amateur,48,2026,
205603,THREE-YEAR-OLD MARES - Level 2,Amateur,49,2026,
205606,THREE-YEAR-OLD MARES - Level 3,Amateur,50,2026,
205700,AGED MARES,Amateur,51,2026,
205702,AGED MARES - Level 1,Amateur,52,2026,
205703,AGED MARES - Level 2,Amateur,53,2026,
205706,AGED MARES - Level 3,Amateur,54,2026,
207001,ALL AGES GELDINGS - Rookie,Amateur,55,2026,
207100,GELDINGS TWO AND UNDER,Amateur,56,2026,
207102,GELDINGS TWO AND UNDER - Level 1,Amateur,57,2026,
207200,GELDINGS THREE AND OVER,Amateur,58,2026,
207202,GELDINGS THREE AND OVER - Level 1,Amateur,59,2026,
207300,WEANLING GELDINGS,Amateur,60,2026,
207302,WEANLING GELDINGS - Level 1,Amateur,61,2026,
207303,WEANLING GELDINGS - Level 2,Amateur,62,2026,
207306,WEANLING GELDINGS - Level 3,Amateur,63,2026,
207400,YEARLING GELDINGS,Amateur,64,2026,
207402,YEARLING GELDINGS - Level 1,Amateur,65,2026,
207403,YEARLING GELDINGS - Level 2,Amateur,66,2026,
207406,YEARLING GELDINGS - Level 3,Amateur,67,2026,
207500,TWO-YEAR-OLD GELDINGS,Amateur,68,2026,
207502,TWO-YEAR-OLD GELDINGS - Level 1,Amateur,69,2026,
207503,TWO-YEAR-OLD GELDINGS - Level 2,Amateur,70,2026,
207506,TWO-YEAR-OLD GELDINGS - Level 3,Amateur,71,2026,
207600,THREE-YEAR-OLD GELDINGS,Amateur,72,2026,
207602,THREE-YEAR-OLD GELDINGS - Level 1,Amateur,73,2026,
207603,THREE-YEAR-OLD GELDINGS - Level 2,Amateur,74,2026,
207606,THREE-YEAR-OLD GELDINGS - Level 3,Amateur,75,2026,
207700,AGED GELDINGS,Amateur,76,2026,
207702,AGED GELDINGS - Level 1,Amateur,77,2026,
207703,AGED GELDINGS - Level 2,Amateur,78,2026,
207706,AGED GELDINGS - Level 3,Amateur,79,2026,
210000,ALL AROUND,Amateur,80,2026,
210100,ALL AROUND RUNNER UP,Amateur,81,2026,
210200,VERSATILITY RANCH HORSE,Amateur,82,2026,
210300,ALL AROUND 3RD PLACE,Amateur,83,2026,
210400,SELECT ALL AROUND,Amateur,84,2026,
210500,SELECT ALL AROUND RUNNER UP,Amateur,85,2026,
210600,SELECT ALL AROUND 3RD PLACE,Amateur,86,2026,
210800,VRH LIMITED ALL-AROUND,Amateur,87,2026,
211101,VRH ROOKIE ALL AROUND,Amateur,88,2026,
212000,SHOWMANSHIP AT HALTER,Amateur,89,2026,
212001,SHOWMANSHIP AT HALTER - Rookie,Amateur,90,2026,
212002,SHOWMANSHIP AT HALTER - Level 1,Amateur,91,2026,
212003,SHOWMANSHIP AT HALTER - Level 2,Amateur,92,2026,
212006,SHOWMANSHIP AT HALTER - Level 3,Amateur,93,2026,
212800,SELECT SHOWMANSHIP AT HALTER,Amateur,94,2026,
212801,SELECT SHOWMANSHIP AT HALTER - Rookie,Amateur,95,2026,
212802,SELECT SHOWMANSHIP AT HALTER - Level 1,Amateur,96,2026,
212803,SELECT SHOWMANSHIP AT HALTER - Level 2,Amateur,97,2026,
212806,SELECT SHOWMANSHIP AT HALTER - Level 3,Amateur,98,2026,
214000,CUTTING,Amateur,99,2026,
214001,CUTTING - Rookie,Amateur,100,2026,
214002,CUTTING - Level 1,Amateur,101,2026,
214003,CUTTING - Level 2,Amateur,102,2026,
214006,CUTTING - Level 3,Amateur,103,2026,
214800,SELECT CUTTING,Amateur,104,2026,
214801,SELECT CUTTING - Rookie,Amateur,105,2026,
214802,SELECT CUTTING - Level 1,Amateur,106,2026,
214803,SELECT CUTTING - Level 2,Amateur,107,2026,
214806,SELECT CUTTING - Level 3,Amateur,108,2026,
216000,WORKING COW HORSE,Amateur,109,2026,
216001,WORKING COW HORSE - Rookie,Amateur,110,2026,
216002,WORKING COW HORSE - Level 1,Amateur,111,2026,
216003,WORKING COW HORSE - Level 2,Amateur,112,2026,
216006,WORKING COW HORSE - Level 3,Amateur,113,2026,
216800,SELECT WORKING COW HORSE,Amateur,114,2026,
216801,SELECT WORKING COW HORSE - Rookie,Amateur,115,2026,
216802,SELECT WORKING COW HORSE - Level 1,Amateur,116,2026,
216803,SELECT WORKING COW HORSE - Level 2,Amateur,117,2026,
216806,SELECT WORKING COW HORSE - Level 3,Amateur,118,2026,
217000,WORKING COW HORSE BOXING,Amateur,119,2026,
217001,WORKING COW HORSE BOXING - Rookie,Amateur,120,2026,
217002,WORKING COW HORSE BOXING - Level 1,Amateur,121,2026,
217003,WORKING COW HORSE BOXING - Level 2,Amateur,122,2026,
217006,WORKING COW HORSE BOXING - Level 3,Amateur,123,2026,
217800,SELECT WORKING COW HORSE BOXING,Amateur,124,2026,
217801,SELECT WORKING COW HORSE BOXING - Rookie,Amateur,125,2026,
217802,SELECT WORKING COW HORSE BOXING - LVL 1,Amateur,126,2026,
217803,SELECT WORKING COW HORSE BOXING - Level 2,Amateur,127,2026,
217806,SELECT WORKING COW HORSE BOXING - Level 3,Amateur,128,2026,
218000,TIE-DOWN ROPING,Amateur,129,2026,
218001,TIE-DOWN ROPING - Rookie,Amateur,130,2026,
218002,TIE-DOWN ROPING - Level 1,Amateur,131,2026,
218003,TIE-DOWN ROPING - Level 2,Amateur,132,2026,
218006,TIE-DOWN ROPING - Level 3,Amateur,133,2026,
218800,SELECT TIE-DOWN ROPING,Amateur,134,2026,
218801,SELECT TIE-DOWN ROPING - Rookie,Amateur,135,2026,
218802,SELECT TIE-DOWN ROPING - Level 1,Amateur,136,2026,
218803,SELECT TIE-DOWN ROPING - Level 2,Amateur,137,2026,
218806,SELECT TIE-DOWN ROPING - Level 3,Amateur,138,2026,
219000,WORKING COW HORSE BOX DRIVE,Amateur,139,2026,
220000,BREAKAWAY ROPING,Amateur,140,2026,
220001,BREAKAWAY ROPING - Rookie,Amateur,141,2026,
220002,BREAKAWAY ROPING - Level 1,Amateur,142,2026,
220003,BREAKAWAY ROPING - Level 2,Amateur,143,2026,
220006,BREAKAWAY ROPING - Level 3,Amateur,144,2026,
220800,SELECT BREAKAWAY ROPING,Amateur,145,2026,
220801,SELECT BREAKAWAY ROPING - Rookie,Amateur,146,2026,
220802,SELECT BREAKAWAY ROPING - Level 1,Amateur,147,2026,
220803,SELECT BREAKAWAY ROPING - Level 2,Amateur,148,2026,
220806,SELECT BREAKAWAY ROPING - Level 3,Amateur,149,2026,
222000,DALLY TEAM ROPING-HEADING,Amateur,150,2026,
222001,DALLY TEAM ROPING-HEADING - Rookie,Amateur,151,2026,
222002,DALLY TEAM ROPING-HEADING - Level 1,Amateur,152,2026,
222003,DALLY TEAM ROPING-HEADING - Level 2,Amateur,153,2026,
222006,DALLY TEAM ROPING-HEADING - Level 3,Amateur,154,2026,
222800,SELECT DALLY TEAM ROPING (HEADING),Amateur,155,2026,
222801,SELECT DALLY TEAM ROPING (HEADING) - ROK,Amateur,156,2026,
222802,SELECT DALLY TEAM ROPING (HEADING) - LV1,Amateur,157,2026,
222803,SELECT DALLY TEAM ROPING (HEADING) - LV2,Amateur,158,2026,
222806,SELECT DALLY TEAM ROPING (HEADING) - LV3,Amateur,159,2026,
224000,DALLY TEAM ROPING-HEELING,Amateur,160,2026,
224001,DALLY TEAM ROPING-HEELING - Rookie,Amateur,161,2026,
224002,DALLY TEAM ROPING-HEELING - Level 1,Amateur,162,2026,
224003,DALLY TEAM ROPING-HEELING - Level 2,Amateur,163,2026,
224006,DALLY TEAM ROPING-HEELING - Level 3,Amateur,164,2026,
224800,SELECT DALLY TEAM ROPING (HEELING),Amateur,165,2026,
224801,SELECT DALLY TEAM ROPING (HEELING) - ROK,Amateur,166,2026,
224802,SELECT DALLY TEAM ROPING (HEELING) - LV1,Amateur,167,2026,
224803,SELECT DALLY TEAM ROPING (HEELING) - LV2,Amateur,168,2026,
224806,SELECT DALLY TEAM ROPING (HEELING) - LV3,Amateur,169,2026,
228000,BARREL RACING,Amateur,170,2026,
228001,BARREL RACING - Rookie,Amateur,171,2026,
228002,BARREL RACING - Level 1,Amateur,172,2026,
228003,BARREL RACING - Level 2,Amateur,173,2026,
228006,BARREL RACING - Level 3,Amateur,174,2026,
228800,SELECT BARREL RACING,Amateur,175,2026,
228801,SELECT BARREL RACING - Rookie,Amateur,176,2026,
228802,SELECT BARREL RACING - Level 1,Amateur,177,2026,
228803,SELECT BARREL RACING - Level 2,Amateur,178,2026,
228806,SELECT BARREL RACING - Level 3,Amateur,179,2026,
230000,POLE BENDING,Amateur,180,2026,
230001,POLE BENDING - Rookie,Amateur,181,2026,
230002,POLE BENDING - Level 1,Amateur,182,2026,
230003,POLE BENDING - Level 2,Amateur,183,2026,
230006,POLE BENDING - Level 3,Amateur,184,2026,
230800,SELECT POLE BENDING,Amateur,185,2026,
230801,SELECT POLE BENDING - Rookie,Amateur,186,2026,
230802,SELECT POLE BENDING - Level 1,Amateur,187,2026,
230803,SELECT POLE BENDING - Level 2,Amateur,188,2026,
230806,SELECT POLE BENDING - Level 3,Amateur,189,2026,
232000,STAKE RACE,Amateur,190,2026,
232001,STAKE RACE - Rookie,Amateur,191,2026,
232002,STAKE RACE - Level 1,Amateur,192,2026,
232003,STAKE RACE - Level 2,Amateur,193,2026,
232006,STAKE RACE - Level 3,Amateur,194,2026,
232800,SELECT STAKE RACING,Amateur,195,2026,
232801,SELECT STAKE RACING - Rookie,Amateur,196,2026,
232802,SELECT STAKE RACING - Level 1,Amateur,197,2026,
232803,SELECT STAKE RACING - Level 2,Amateur,198,2026,
232806,SELECT STAKE RACING - Level 3,Amateur,199,2026,
234000,REINING,Amateur,200,2026,
234001,REINING - Rookie,Amateur,201,2026,
234002,REINING - Level 1,Amateur,202,2026,
234003,REINING - Level 2,Amateur,203,2026,
234006,REINING - Level 3,Amateur,204,2026,
234800,SELECT REINING,Amateur,205,2026,
234801,SELECT REINING - Rookie,Amateur,206,2026,
234802,SELECT REINING - Level 1,Amateur,207,2026,
234803,SELECT REINING - Level 2,Amateur,208,2026,
234806,SELECT REINING - Level 3,Amateur,209,2026,
236000,WESTERN RIDING,Amateur,210,2026,
236001,WESTERN RIDING - Rookie,Amateur,211,2026,
236002,WESTERN RIDING - Level 1,Amateur,212,2026,
236003,WESTERN RIDING - Level 2,Amateur,213,2026,
236006,WESTERN RIDING - Level 3,Amateur,214,2026,
236800,SELECT WESTERN RIDING,Amateur,215,2026,
236801,SELECT WESTERN RIDING - Rookie,Amateur,216,2026,
236802,SELECT WESTERN RIDING - Level 1,Amateur,217,2026,
236803,SELECT WESTERN RIDING - Level 2,Amateur,218,2026,
236806,SELECT WESTERN RIDING - Level 3,Amateur,219,2026,
238000,TRAIL,Amateur,220,2026,
238001,TRAIL - Rookie,Amateur,221,2026,
238002,TRAIL - Level 1,Amateur,222,2026,
238003,TRAIL - Level 2,Amateur,223,2026,
238006,TRAIL - Level 3,Amateur,224,2026,
238102,WALK TROT TRAIL - Level 1,Amateur,225,2026,
238300,IN HAND TRAIL,Amateur,226,2026,
238800,SELECT TRAIL,Amateur,227,2026,
238801,SELECT TRAIL - Rookie,Amateur,228,2026,
238802,SELECT TRAIL - Level 1,Amateur,229,2026,
238803,SELECT TRAIL - Level 2,Amateur,230,2026,
238806,SELECT TRAIL - Level 3,Amateur,231,2026,
240000,WESTERN HORSEMANSHIP,Amateur,232,2026,
240001,WESTERN HORSEMANSHIP - Rookie,Amateur,233,2026,
240002,WESTERN HORSEMANSHIP - Level 1,Amateur,234,2026,
240003,WESTERN HORSEMANSHIP - Level 2,Amateur,235,2026,
240006,WESTERN HORSEMANSHIP - Level 3,Amateur,236,2026,
240102,WALK TROT WESTERN HORSEMANSHIP - Level 1,Amateur,237,2026,
240800,SELECT WESTERN HORSEMANSHIP,Amateur,238,2026,
240801,SELECT WESTERN HORSEMANSHIP - Rookie,Amateur,239,2026,
240802,SELECT WESTERN HORSEMANSHIP - Level 1,Amateur,240,2026,
240803,SELECT WESTERN HORSEMANSHIP - Level 2,Amateur,241,2026,
240806,SELECT WESTERN HORSEMANSHIP - Level 3,Amateur,242,2026,
242000,WESTERN PLEASURE,Amateur,243,2026,
242001,WESTERN PLEASURE - Rookie,Amateur,244,2026,
242002,WESTERN PLEASURE - Level 1,Amateur,245,2026,
242003,WESTERN PLEASURE - Level 2,Amateur,246,2026,
242006,WESTERN PLEASURE - Level 3,Amateur,247,2026,
242102,WALK TROT WESTERN PLEASURE - Level 1,Amateur,248,2026,
242800,SELECT WESTERN PLEASURE,Amateur,249,2026,
242801,SELECT WESTERN PLEASURE - Rookie,Amateur,250,2026,
242802,SELECT WESTERN PLEASURE - Level 1,Amateur,251,2026,
242803,SELECT WESTERN PLEASURE - Level 2,Amateur,252,2026,
242806,SELECT WESTERN PLEASURE - Level 3,Amateur,253,2026,
243000,RANCH RIDING,Amateur,254,2026,
243001,RANCH RIDING - ROOKIE,Amateur,255,2026,
243002,RANCH RIDING - LEVEL 1,Amateur,256,2026,
243003,RANCH RIDING - LEVEL 2,Amateur,257,2026,
243006,RANCH RIDING - LEVEL 3,Amateur,258,2026,
243800,SELECT RANCH RIDING,Amateur,259,2026,
243801,SELECT RANCH RIDING - ROOKIE,Amateur,260,2026,
243802,SELECT RANCH RIDING - LEVEL 1,Amateur,261,2026,
243803,SELECT RANCH RIDING - LEVEL 2,Amateur,262,2026,
243806,SELECT RANCH RIDING - LEVEL 3,Amateur,263,2026,
244000,HUNTER UNDER SADDLE,Amateur,264,2026,
244001,HUNTER UNDER SADDLE - Rookie,Amateur,265,2026,
244002,HUNTER UNDER SADDLE - Level 1,Amateur,266,2026,
244003,HUNTER UNDER SADDLE - Level 2,Amateur,267,2026,
244006,HUNTER UNDER SADDLE - Level 3,Amateur,268,2026,
244102,WALK TROT HUNTER UNDER SADDLE - Level 1,Amateur,269,2026,
244800,SELECT HUNTER UNDER SADDLE,Amateur,270,2026,
244801,SELECT HUNTER UNDER SADDLE - Rookie,Amateur,271,2026,
244802,SELECT HUNTER UNDER SADDLE - Level 1,Amateur,272,2026,
244803,SELECT HUNTER UNDER SADDLE - Level 2,Amateur,273,2026,
244806,SELECT HUNTER UNDER SADDLE - Level 3,Amateur,274,2026,
248000,JUMPING,Amateur,275,2026,
248800,SELECT JUMPING,Amateur,276,2026,
250000,WORKING HUNTER,Amateur,277,2026,
250001,WORKING HUNTER - Rookie,Amateur,278,2026,
250002,WORKING HUNTER - Level 1,Amateur,279,2026,
250003,WORKING HUNTER - Level 2,Amateur,280,2026,
250006,WORKING HUNTER - Level 3,Amateur,281,2026,
250800,SELECT WORKING HUNTER,Amateur,282,2026,
250801,SELECT WORKING HUNTER - Rookie,Amateur,283,2026,
250802,SELECT WORKING HUNTER - Level 1,Amateur,284,2026,
250803,SELECT WORKING HUNTER - Level 2,Amateur,285,2026,
250806,SELECT WORKING HUNTER - Level 3,Amateur,286,2026,
251000,HUNTER HACK,Amateur,287,2026,
251001,HUNTER HACK - Rookie,Amateur,288,2026,
251002,HUNTER HACK - Level 1,Amateur,289,2026,
251003,HUNTER HACK - Level 2,Amateur,290,2026,
251006,HUNTER HACK - Level 3,Amateur,291,2026,
251800,SELECT HUNTER HACK,Amateur,292,2026,
251801,SELECT HUNTER HACK - Rookie,Amateur,293,2026,
251802,SELECT HUNTER HACK - Level 1,Amateur,294,2026,
251803,SELECT HUNTER HACK - Level 2,Amateur,295,2026,
251806,SELECT HUNTER HACK - Level 3,Amateur,296,2026,
252000,HUNT SEAT EQUITATION,Amateur,297,2026,
252001,HUNT SEAT EQUITATION - Rookie,Amateur,298,2026,
252002,HUNT SEAT EQUITATION - Level 1,Amateur,299,2026,
252003,HUNT SEAT EQUITATION - Level 2,Amateur,300,2026,
252006,HUNT SEAT EQUITATION - Level 3,Amateur,301,2026,
252102,WALK TROT HUNT SEAT EQUITATION - Level 1,Amateur,302,2026,
252800,SELECT HUNT SEAT EQUITATION,Amateur,303,2026,
252801,SELECT HUNT SEAT EQUITATION - Rookie,Amateur,304,2026,
252802,SELECT HUNT SEAT EQUITATION - Level 1,Amateur,305,2026,
252803,SELECT HUNT SEAT EQUITATION - Level 2,Amateur,306,2026,
252806,SELECT HUNT SEAT EQUITATION - Level 3,Amateur,307,2026,
253000,EQUITATION OVER FENCES,Amateur,308,2026,
253001,EQUITATION OVER FENCES - Rookie,Amateur,309,2026,
253002,EQUITATION OVER FENCES - Level 1,Amateur,310,2026,
253003,EQUITATION OVER FENCES - Level 2,Amateur,311,2026,
253006,EQUITATION OVER FENCES - Level 3,Amateur,312,2026,
253800,SELECT EQUITATION OVER FENCES,Amateur,313,2026,
253801,SELECT EQUITATION OVER FENCES - Rookie,Amateur,314,2026,
253802,SELECT EQUITATION OVER FENCES - Level 1,Amateur,315,2026,
253803,SELECT EQUITATION OVER FENCES - Level 2,Amateur,316,2026,
253806,SELECT EQUITATION OVER FENCES - Level 3,Amateur,317,2026,
254000,PLEASURE DRIVING,Amateur,318,2026,
254800,SELECT PLEASURE DRIVING,Amateur,319,2026,
259000,VAQUEJADA,Amateur,320,2026,
263000,TEAM PENNING,Amateur,321,2026,
263800,SELECT TEAM PENNING,Amateur,322,2026,
265000,RANCH SORTING,Amateur,323,2026,
265800,SELECT RANCH SORTING,Amateur,324,2026,
267000,COWBOY MOUNTED SHOOTING,Amateur,325,2026,
267100,LIMITED SELECT COWBOY MOUNTED SHOOTING,Amateur,326,2026,
267800,SELECT COWBOY MOUNTED SHOOTING,Amateur,327,2026,
268000,LAZO DE PANAMA,Amateur,328,2026,
271000,PERFORMANCE GRAND CHAMPION STALLIONS,Amateur,329,2026,
271100,PERFORMANCE RESERVE CHAMPION STALLIONS,Amateur,330,2026,
271200,PERFORMANCE GRAND CHAMPION MARES,Amateur,331,2026,
271202,PERFORMANCE GRAND CHAMPION MARES - LV1,Amateur,332,2026,
271300,PERFORMANCE RESERVE CHAMPION MARES,Amateur,333,2026,
271302,PERFORMANCE RESERVE CHAMPION MARES - LV1,Amateur,334,2026,
271400,PERFORMANCE GRAND CHAMPION GELDINGS,Amateur,335,2026,
271402,PERFORMANCE GRAND CHAMPION GELDINGS -LV1,Amateur,336,2026,
271500,PERFORMANCE RESERVE CHAMPION GELDINGS,Amateur,337,2026,
271502,PERFORMANCE RESERVE CHAMPION GELDINGSLV1,Amateur,338,2026,
273000,PERFORMANCE HALTER STALLIONS,Amateur,339,2026,
273003,PERFORMANCE HALTER STALLIONS - Level 2,Amateur,340,2026,
273006,PERFORMANCE HALTER STALLIONS - Level 3,Amateur,341,2026,
275000,PERFORMANCE HALTER MARES,Amateur,342,2026,
275002,PERFORMANCE HALTER MARES - Level 1,Amateur,343,2026,
275003,PERFORMANCE HALTER MARES - Level 2,Amateur,344,2026,
275006,PERFORMANCE HALTER MARES - Level 3,Amateur,345,2026,
277000,PERFORMANCE HALTER GELDINGS,Amateur,346,2026,
277002,PERFORMANCE HALTER GELDINGS - Level 1,Amateur,347,2026,
277003,PERFORMANCE HALTER GELDINGS - Level 2,Amateur,348,2026,
277006,PERFORMANCE HALTER GELDINGS - Level 3,Amateur,349,2026,
277700,RHC AMATEUR TEAM ROPING HEELING,Amateur,350,2026,
277900,RHC AMATEUR STEER STOPPING,Amateur,351,2026,
278700,RHC ROOKIE AMATEUR BOXING,Amateur,352,2026,
278800,RHC AMATEUR RANCH RIDING,Amateur,353,2026,
278900,RHC AMATEUR WORKING RANCH HORSE,Amateur,354,2026,
279300,RHC AMATEUR BARREL RACING,Amateur,355,2026,
279500,RHC LTD AMATEUR WORKING RANCH HORSE,Amateur,356,2026,
279600,RHC AMATEUR RANCH CUTTING,Amateur,357,2026,
279700,RHC AMATEUR BREAKAWAY ROPING,Amateur,358,2026,
279900,RHC AMATEUR TEAM ROPING HEADING,Amateur,359,2026,
280000,VRH RANCH RIDING,Amateur,360,2026,
280200,VRH LIMITED RANCH RIDING,Amateur,361,2026,
280301,VRH ROOKIE RANCH RIDING,Amateur,362,2026,
281000,VRH RANCH TRAIL,Amateur,363,2026,
281200,VRH LIMITED RANCH TRAIL,Amateur,364,2026,
281301,VRH ROOKIE RANCH TRAIL,Amateur,365,2026,
282000,VRH RANCH CUTTING,Amateur,366,2026,
282200,VRH LIMITED RANCH CUTTING,Amateur,367,2026,
282301,VRH ROOKIE RANCH CUTTING,Amateur,368,2026,
283000,VRH RANCH COW WORK,Amateur,369,2026,
283301,VRH ROOKIE RANCH COW WORK,Amateur,370,2026,
284000,VRH RANCH REINING,Amateur,371,2026,
284200,VRH LIMITED RANCH REINING,Amateur,372,2026,
284301,VRH ROOKIE RANCH REINING,Amateur,373,2026,
285000,VRH LIMITED RANCH COW WORK,Amateur,374,2026,
288000,VRH RANCH CONFORMATION,Amateur,375,2026,
288200,VRH LIMITED CONFORMATION,Amateur,376,2026,
288301,VRH ROOKIE RANCH CONFORMATION,Amateur,377,2026,
289000,VRH RANCH CONFORMATION CHAMPION,Amateur,378,2026,
289700,VRH RANCH CONFORMATION STALLIONS,Amateur,379,2026,
289800,VRH RANCH CONFORMATION MARES,Amateur,380,2026,
289900,VRH RANCH CONFORMATION GELDINGS,Amateur,381,2026,
290000,DRESSAGE TRAINING LEVEL - TEST 1,Amateur,382,2026,
290100,DRESSAGE TRAINING LEVEL - TEST 2,Amateur,383,2026,
290200,DRESSAGE TRAINING LEVEL - TEST 3,Amateur,384,2026,
290300,DRESSAGE TRAINING LEVEL HIGHEST TEST,Amateur,385,2026,
291000,DRESSAGE FIRST LEVEL - TEST 1,Amateur,386,2026,
291100,DRESSAGE FIRST LEVEL - TEST 2,Amateur,387,2026,
291200,DRESSAGE FIRST LEVEL - TEST 3,Amateur,388,2026,
292000,DRESSAGE SECOND LEVEL - TEST 1,Amateur,389,2026,
292100,DRESSAGE SECOND LEVEL - TEST 2,Amateur,390,2026,
292200,DRESSAGE SECOND LEVEL - TEST 3,Amateur,391,2026,
293000,DRESSAGE THIRD LEVEL - TEST 1,Amateur,392,2026,
293100,DRESSAGE THIRD LEVEL - TEST 2,Amateur,393,2026,
293200,DRESSAGE THIRD LEVEL - TEST 3,Amateur,394,2026,
294000,DRESSAGE FOURTH LEVEL - TEST 1,Amateur,395,2026,
294100,DRESSAGE FOURTH LEVEL - TEST 2,Amateur,396,2026,
294200,DRESSAGE FOURTH LEVEL - TEST 3,Amateur,397,2026,
295000,DRESSAGE FEI - PRIX ST GEORGE,Amateur,398,2026,
296000,DRESSAGE FEI - INTERMEDIATE I,Amateur,399,2026,
297000,DRESSAGE FEI - INTERMEDIATE II,Amateur,400,2026,
298000,DRESSAGE FEI - GRAND PRIX,Amateur,401,2026,
2107000,TIMED RANCH TRAIL (CHINA),Amateur,402,2026,
2108000,WORKING HUNTER UNDER SADDLE,Amateur,403,2026,
2108001,WORKING HUNTER UNDER SADDLE ROOKIE,Amateur,404,2026,
2108002,WORKING HUNTER UNDER SADDLE LEVEL 1,Amateur,405,2026,
2108003,WORKING HUNTER UNDER SADDLE LEVEL 2,Amateur,406,2026,
2108006,WORKING HUNTER UNDER SADDLE LEVEL 3,Amateur,407,2026,
2108800,SELECT WORKING HUNTER UNDER SADDLE,Amateur,408,2026,
2108801,SELECT WORKING HUNTER UNDER SADDLE ROOKIE,Amateur,409,2026,
2108802,SELECT WORKING HUNTER UNDER SADDLE LEVEL 1,Amateur,410,2026,
2108803,SELECT WORKING HUNTER UNDER SADDLE LEVEL 2,Amateur,411,2026,
2108806,SELECT WORKING HUNTER UNDER SADDLE LEVEL 3,Amateur,412,2026,
2109000,RANCH TRAIL,Amateur,413,2026,
2109001,RANCH TRAIL ROOKIE,Amateur,414,2026,
2109002,RANCH TRAIL LEVEL 1,Amateur,415,2026,
2109003,RANCH TRAIL LEVEL 2,Amateur,416,2026,
2109006,RANCH TRAIL LEVEL 3,Amateur,417,2026,
2109800,SELECT RANCH TRAIL,Amateur,418,2026,
2109801,SELECT RANCH TRAIL ROOKIE,Amateur,419,2026,
2109802,SELECT RANCH TRAIL LEVEL 1,Amateur,420,2026,
2109803,SELECT RANCH TRAIL LEVEL 2,Amateur,421,2026,
2109806,SELECT RANCH TRAIL LEVEL 3,Amateur,422,2026,
2121000,WESTERN DRESSAGE BASIC TEST 2,Amateur,423,2026,
2122000,WESTERN DRESSAGE BASIC TEST 3,Amateur,424,2026,
2130000,WESTERN DRESSAGE LEVEL 1 TEST 1,Amateur,425,2026,
2131000,WESTERN DRESSAGE LEVEL 1 TEST 2,Amateur,426,2026,
2132000,WESTERN DRESSAGE LEVEL 1 TEST 3,Amateur,427,2026,
2133000,WESTERN DRESSAGE LEVEL 1 TEST 4,Amateur,428,2026,
2140000,WESTERN DRESSAGE LEVEL 2 TEST 1,Amateur,429,2026,
2141000,WESTERN DRESSAGE LEVEL 2 TEST 2,Amateur,430,2026,
2142000,WESTERN DRESSAGE LEVEL 2 TEST 3,Amateur,431,2026,
2143000,WESTERN DRESSAGE LEVEL 2 TEST 4,Amateur,432,2026,
2150000,WESTERN DRESSAGE LEVEL 3 TEST 1,Amateur,433,2026,
2151000,WESTERN DRESSAGE LEVEL 3 TEST 2,Amateur,434,2026,
2152000,WESTERN DRESSAGE LEVEL 3 TEST 3,Amateur,435,2026,
2153000,WESTERN DRESSAGE LEVEL 3 TEST 4,Amateur,436,2026,
2160000,WESTERN DRESSAGE LEVEL 4 TEST 1,Amateur,437,2026,
2161000,WESTERN DRESSAGE LEVEL 4 TEST 2,Amateur,438,2026,
2162000,WESTERN DRESSAGE LEVEL 4 TEST 3,Amateur,439,2026,
2163000,WESTERN DRESSAGE LEVEL 4 TEST 4,Amateur,440,2026,
2170000,WORKING WESTERN RAIL,Amateur,441,2026,
2170001,WORKING WESTERN RAIL ROOKIE,Amateur,442,2026,
2170002,WORKING WESTERN RAIL LEVEL 1,Amateur,443,2026,
2170003,WORKING WESTERN RAIL LEVEL 2,Amateur,444,2026,
2170006,WORKING WESTERN RAIL LEVEL 3,Amateur,445,2026,
2170800,SELECT WORKING WESTERN RAIL,Amateur,446,2026,
2170801,SELECT WORKING WESTERN RAIL ROOKIE,Amateur,447,2026,
2170802,SELECT WORKING WESTERN RAIL LEVEL 1,Amateur,448,2026,
2170803,SELECT WORKING WESTERN RAIL LEVEL 2,Amateur,449,2026,
2170806,SELECT WORKING WESTERN RAIL LEVEL 3,Amateur,450,2026,
2528102,SELECT WALK TROT HUNT SEAT EQUITATION - Level 1,Amateur,451,2026,
401200,GRAND CHAMPION MARES,Youth,1,2026,
401202,GRAND CHAMPION MARES - Level 1,Youth,2,2026,
401300,RESERVE CHAMPION MARES,Youth,3,2026,
401302,RESERVE CHAMPION MARES - Level 1,Youth,4,2026,
401400,GRAND CHAMPION GELDINGS,Youth,5,2026,
401402,GRAND CHAMPION GELDINGS - Level 1,Youth,6,2026,
401500,RESERVE CHAMPION GELDINGS,Youth,7,2026,
401502,RESERVE CHAMPION GELDINGS - Level 1,Youth,8,2026,
405001,ALL AGES MARES - Rookie,Youth,9,2026,
405100,MARES TWO AND UNDER,Youth,10,2026,
405102,MARES TWO AND UNDER - Level 1,Youth,11,2026,
405200,MARES THREE AND OVER,Youth,12,2026,
405202,MARES THREE AND OVER - Level 1,Youth,13,2026,
405300,WEANLING MARES,Youth,14,2026,
405302,WEANLING MARES - Level 1,Youth,15,2026,
405303,WEANLING MARES - Level 2,Youth,16,2026,
405306,WEANLING MARES - Level 3,Youth,17,2026,
405400,YEARLING MARES,Youth,18,2026,
405402,YEARLING MARES - Level 1,Youth,19,2026,
405403,YEARLING MARES - Level 2,Youth,20,2026,
405406,YEARLING MARES - Level 3,Youth,21,2026,
405500,TWO-YEAR-OLD MARES,Youth,22,2026,
405502,TWO-YEAR-OLD MARES - Level 1,Youth,23,2026,
405503,TWO-YEAR-OLD MARES - Level 2,Youth,24,2026,
405506,TWO-YEAR-OLD MARES - Level 3,Youth,25,2026,
405600,THREE-YEAR-OLD MARES,Youth,26,2026,
405602,THREE-YEAR-OLD MARES - Level 1,Youth,27,2026,
405603,THREE-YEAR-OLD MARES - Level 2,Youth,28,2026,
405606,THREE-YEAR-OLD MARES - Level 3,Youth,29,2026,
405700,AGED MARES,Youth,30,2026,
405702,AGED MARES - Level 1,Youth,31,2026,
405703,AGED MARES - Level 2,Youth,32,2026,
405706,AGED MARES - Level 3,Youth,33,2026,
407001,ALL AGES GELDINGS - Rookie,Youth,34,2026,
407100,GELDINGS TWO AND UNDER,Youth,35,2026,
407102,GELDINGS TWO AND UNDER - Level 1,Youth,36,2026,
407200,GELDINGS THREE AND OVER,Youth,37,2026,
407202,GELDINGS THREE AND OVER - Level 1,Youth,38,2026,
407300,WEANLING GELDINGS,Youth,39,2026,
407302,WEANLING GELDINGS - Level 1,Youth,40,2026,
407303,WEANLING GELDINGS - Level 2,Youth,41,2026,
407306,WEANLING GELDINGS - Level 3,Youth,42,2026,
407400,YEARLING GELDINGS,Youth,43,2026,
407402,YEARLING GELDINGS - Level 1,Youth,44,2026,
407403,YEARLING GELDINGS - Level 2,Youth,45,2026,
407406,YEARLING GELDINGS - Level 3,Youth,46,2026,
407500,TWO-YEAR-OLD GELDINGS,Youth,47,2026,
407502,TWO-YEAR-OLD GELDINGS - Level 1,Youth,48,2026,
407503,TWO-YEAR-OLD GELDINGS - Level 2,Youth,49,2026,
407506,TWO-YEAR-OLD GELDINGS - Level 3,Youth,50,2026,
407600,THREE-YEAR-OLD GELDINGS,Youth,51,2026,
407602,THREE-YEAR-OLD GELDINGS - Level 1,Youth,52,2026,
407603,THREE-YEAR-OLD GELDINGS - Level 2,Youth,53,2026,
407606,THREE-YEAR-OLD GELDINGS - Level 3,Youth,54,2026,
407700,AGED GELDINGS,Youth,55,2026,
407702,AGED GELDINGS - Level 1,Youth,56,2026,
407703,AGED GELDINGS - Level 2,Youth,57,2026,
407706,AGED GELDINGS - Level 3,Youth,58,2026,
410000,ALL AROUND,Youth,59,2026,
410100,ALL AROUND RUNNER UP,Youth,60,2026,
410200,VERSATILITY RANCH HORSE,Youth,61,2026,
410300,ALL AROUND 3RD PLACE,Youth,62,2026,
410800,VRH LIMITED ALL-AROUND,Youth,63,2026,
411101,VRH ROOKIE ALL AROUND,Youth,64,2026,
412000,SHOWMANSHIP AT HALTER,Youth,65,2026,
412001,SHOWMANSHIP AT HALTER - Rookie,Youth,66,2026,
412002,SHOWMANSHIP AT HALTER - Level 1,Youth,67,2026,
412003,SHOWMANSHIP AT HALTER - Level 2,Youth,68,2026,
412006,SHOWMANSHIP AT HALTER - Level 3,Youth,69,2026,
412402,SMALL FRY SHOWMANSHIP AT HALTER,Youth,70,2026,
412500,SHOWMANSHIP 11 AND UNDER,Youth,71,2026,
412600,SHOWMANSHIP 12-14,Youth,72,2026,
412700,SHOWMANSHIP 13 AND UNDER,Youth,73,2026,
412701,SHOWMANSHIP 13 AND UNDER - Rookie,Youth,74,2026,
412702,SHOWMANSHIP 13 AND UNDER - Level 1,Youth,75,2026,
412703,SHOWMANSHIP 13 AND UNDER - Level 2,Youth,76,2026,
412706,SHOWMANSHIP 13 AND UNDER - Level 3,Youth,77,2026,
412800,SHOWMANSHIP 14-18,Youth,78,2026,
412801,SHOWMANSHIP 14-18 - Rookie,Youth,79,2026,
412802,SHOWMANSHIP 14-18 - Level 1,Youth,80,2026,
412803,SHOWMANSHIP 14-18 - Level 2,Youth,81,2026,
412806,SHOWMANSHIP 14-18 - Level 3,Youth,82,2026,
412900,SHOWMANSHIP 15-18,Youth,83,2026,
414000,CUTTING,Youth,84,2026,
414001,CUTTING - Rookie,Youth,85,2026,
414002,CUTTING - Level 1,Youth,86,2026,
414003,CUTTING - Level 2,Youth,87,2026,
414006,CUTTING - Level 3,Youth,88,2026,
414500,CUTTING 11 AND UNDER,Youth,89,2026,
414600,CUTTING 12-14,Youth,90,2026,
414700,CUTTING 13 AND UNDER,Youth,91,2026,
414701,CUTTING 13 AND UNDER - Rookie,Youth,92,2026,
414702,CUTTING 13 AND UNDER - Level 1,Youth,93,2026,
414703,CUTTING 13 AND UNDER - Level 2,Youth,94,2026,
414706,CUTTING 13 AND UNDER - Level 3,Youth,95,2026,
414800,CUTTING 14-18,Youth,96,2026,
414801,CUTTING 14-18 - Rookie,Youth,97,2026,
414802,CUTTING 14-18 - Level 1,Youth,98,2026,
414803,CUTTING 14-18 - Level 2,Youth,99,2026,
414806,CUTTING 14-18 - Level 3,Youth,100,2026,
414900,CUTTING 15-18,Youth,101,2026,
416000,WORKING COW HORSE,Youth,102,2026,
416001,WORKING COW HORSE - Rookie,Youth,103,2026,
416002,WORKING COW HORSE - Level 1,Youth,104,2026,
416003,WORKING COW HORSE - Level 2,Youth,105,2026,
416006,WORKING COW HORSE - Level 3,Youth,106,2026,
416500,WORKING COW HORSE 11 AND UNDER,Youth,107,2026,
416600,WORKING COW HORSE 12-14,Youth,108,2026,
416700,WORKING COW HORSE 13 AND UNDER,Youth,109,2026,
416701,WORKING COW HORSE 13 AND UNDER - Rookie,Youth,110,2026,
416702,WORKING COW HORSE 13 AND UNDER - Level 1,Youth,111,2026,
416703,WORKING COW HORSE 13 AND UNDER - Level 2,Youth,112,2026,
416706,WORKING COW HORSE 13 AND UNDER - Level 3,Youth,113,2026,
416800,WORKING COW HORSE 14-18,Youth,114,2026,
416801,WORKING COW HORSE 14-18 - Rookie,Youth,115,2026,
416802,WORKING COW HORSE 14-18 - Level 1,Youth,116,2026,
416803,WORKING COW HORSE 14-18 - Level 2,Youth,117,2026,
416806,WORKING COW HORSE 14-18 - Level 3,Youth,118,2026,
416900,WORKING COW HORSE 15-18,Youth,119,2026,
417000,WORKING COW HORSE BOXING,Youth,120,2026,
417001,WORKING COW HORSE BOXING - Rookie,Youth,121,2026,
417002,WORKING COW HORSE BOXING - Level 1,Youth,122,2026,
417003,WORKING COW HORSE BOXING - Level 2,Youth,123,2026,
417006,WORKING COW HORSE BOXING - Level 3,Youth,124,2026,
417500,WORKING COW HORSE BOXING 11 AND UNDER,Youth,125,2026,
417600,WORKING COW HORSE BOXING 12-14,Youth,126,2026,
417700,WORKING COW HORSE BOXING 13 AND UNDER,Youth,127,2026,
417701,WORKING COW HORSE BOXING 13 AND UN - ROK,Youth,128,2026,
417702,WORKING COW HORSE BOXING 13 AND UN - LV1,Youth,129,2026,
417703,WORKING COW HORSE BOXING 13 AND UN - LV2,Youth,130,2026,
417800,WORKING COW HORSE BOXING 14-18,Youth,131,2026,
417801,WORKING COW HORSE BOXING 14-18 - Rookie,Youth,132,2026,
417802,WORKING COW HORSE BOXING 14-18 - Level 1,Youth,133,2026,
417803,WORKING COW HORSE BOXING 14-18 - Level 2,Youth,134,2026,
417900,WORKING COW HORSE BOXING 15-18,Youth,135,2026,
418000,TIE-DOWN ROPING,Youth,136,2026,
418001,TIE-DOWN ROPING - Rookie,Youth,137,2026,
418002,TIE-DOWN ROPING - Level 1,Youth,138,2026,
418003,TIE-DOWN ROPING - Level 2,Youth,139,2026,
418006,TIE-DOWN ROPING - Level 3,Youth,140,2026,
418500,TIE-DOWN ROPING 11 AND UNDER,Youth,141,2026,
418600,TIE-DOWN ROPING 12-14,Youth,142,2026,
418700,TIE-DOWN ROPING 13 AND UNDER,Youth,143,2026,
418701,TIE-DOWN ROPING 13 AND UNDER - Rookie,Youth,144,2026,
418702,TIE-DOWN ROPING 13 AND UNDER - Level 1,Youth,145,2026,
418703,TIE-DOWN ROPING 13 AND UNDER - Level 2,Youth,146,2026,
418706,TIE-DOWN ROPING 13 AND UNDER - Level 3,Youth,147,2026,
418800,TIE-DOWN ROPING 14-18,Youth,148,2026,
418801,TIE-DOWN ROPING 14-18 - Rookie,Youth,149,2026,
418802,TIE-DOWN ROPING 14-18 - Level 1,Youth,150,2026,
418803,TIE-DOWN ROPING 14-18 - Level 2,Youth,151,2026,
418806,TIE-DOWN ROPING 14-18 - Level 3,Youth,152,2026,
418900,TIE-DOWN ROPING 15-18,Youth,153,2026,
419000,WORKING COW HORSE BOX DRIVE,Youth,154,2026,
420000,BREAKAWAY ROPING,Youth,155,2026,
420001,BREAKAWAY ROPING - Rookie,Youth,156,2026,
420002,BREAKAWAY ROPING - Level 1,Youth,157,2026,
420003,BREAKAWAY ROPING - Level 2,Youth,158,2026,
420006,BREAKAWAY ROPING - Level 3,Youth,159,2026,
420500,BREAKAWAY ROPING 11 AND UNDER,Youth,160,2026,
420600,BREAKAWAY ROPING 12-14,Youth,161,2026,
420700,BREAKAWAY ROPING 13 AND UNDER,Youth,162,2026,
420701,BREAKAWAY ROPING 13 AND UNDER - Rookie,Youth,163,2026,
420702,BREAKAWAY ROPING 13 AND UNDER - Level 1,Youth,164,2026,
420703,BREAKAWAY ROPING 13 AND UNDER - Level 2,Youth,165,2026,
420706,BREAKAWAY ROPING 13 AND UNDER - Level 3,Youth,166,2026,
420800,BREAKAWAY ROPING 14-18,Youth,167,2026,
420801,BREAKAWAY ROPING 14-18 - Rookie,Youth,168,2026,
420802,BREAKAWAY ROPING 14-18 - Level 1,Youth,169,2026,
420803,BREAKAWAY ROPING 14-18 - Level 2,Youth,170,2026,
420806,BREAKAWAY ROPING 14-18 - Level 3,Youth,171,2026,
420900,BREAKAWAY ROPING 15-18,Youth,172,2026,
422000,DALLY TEAM ROPING-HEADING,Youth,173,2026,
422001,DALLY TEAM ROPING-HEADING - Rookie,Youth,174,2026,
422002,DALLY TEAM ROPING-HEADING - Level 1,Youth,175,2026,
422003,DALLY TEAM ROPING-HEADING - Level 2,Youth,176,2026,
422006,DALLY TEAM ROPING-HEADING - Level 3,Youth,177,2026,
422500,HEADING 11 AND UNDER,Youth,178,2026,
422600,HEADING 12-14,Youth,179,2026,
422700,HEADING 13 AND UNDER,Youth,180,2026,
422701,HEADING 13 AND UNDER - Rookie,Youth,181,2026,
422702,HEADING 13 AND UNDER - Level 1,Youth,182,2026,
422703,HEADING 13 AND UNDER - Level 2,Youth,183,2026,
422706,HEADING 13 AND UNDER - Level 3,Youth,184,2026,
422800,HEADING 14-18,Youth,185,2026,
422801,HEADING 14-18 - Rookie,Youth,186,2026,
422802,HEADING 14-18 - Level 1,Youth,187,2026,
422803,HEADING 14-18 - Level 2,Youth,188,2026,
422806,HEADING 14-18 - Level 3,Youth,189,2026,
422900,HEADING 15-18,Youth,190,2026,
424000,DALLY TEAM ROPING-HEELING,Youth,191,2026,
424001,DALLY TEAM ROPING-HEELING - Rookie,Youth,192,2026,
424002,DALLY TEAM ROPING-HEELING - Level 1,Youth,193,2026,
424003,DALLY TEAM ROPING-HEELING - Level 2,Youth,194,2026,
424006,DALLY TEAM ROPING-HEELING - Level 3,Youth,195,2026,
424500,HEELING 11 AND UNDER,Youth,196,2026,
424600,HEELING 12-14,Youth,197,2026,
424700,HEELING 13 AND UNDER,Youth,198,2026,
424701,HEELING 13 AND UNDER - Rookie,Youth,199,2026,
424702,HEELING 13 AND UNDER - Level 1,Youth,200,2026,
424703,HEELING 13 AND UNDER - Level 2,Youth,201,2026,
424706,HEELING 13 AND UNDER - Level 3,Youth,202,2026,
424800,HEELING 14-18,Youth,203,2026,
424801,HEELING 14-18 - Rookie,Youth,204,2026,
424802,HEELING 14-18 - Level 1,Youth,205,2026,
424803,HEELING 14-18 - Level 2,Youth,206,2026,
424806,HEELING 14-18 - Level 3,Youth,207,2026,
424900,HEELING 15-18,Youth,208,2026,
428000,BARREL RACING,Youth,209,2026,
428001,BARREL RACING - Rookie,Youth,210,2026,
428002,BARREL RACING - Level 1,Youth,211,2026,
428003,BARREL RACING - Level 2,Youth,212,2026,
428006,BARREL RACING - Level 3,Youth,213,2026,
428500,BARREL RACING 11 AND UNDER,Youth,214,2026,
428600,BARREL RACING 12-14,Youth,215,2026,
428601,BARREL RACING 12-14 - Rookie,Youth,216,2026,
428700,BARREL RACING 13 AND UNDER,Youth,217,2026,
428701,BARREL RACING 13 AND UNDER - Rookie,Youth,218,2026,
428702,BARREL RACING 13 AND UNDER - Level 1,Youth,219,2026,
428703,BARREL RACING 13 AND UNDER - Level 2,Youth,220,2026,
428706,BARREL RACING 13 AND UNDER - Level 3,Youth,221,2026,
428800,BARREL RACING 14-18,Youth,222,2026,
428801,BARREL RACING 14-18 - Rookie,Youth,223,2026,
428802,BARREL RACING 14-18 - Level 1,Youth,224,2026,
428803,BARREL RACING 14-18 - Level 2,Youth,225,2026,
428806,BARREL RACING 14-18 - Level 3,Youth,226,2026,
428900,BARREL RACING 15-18,Youth,227,2026,
430000,POLE BENDING,Youth,228,2026,
430001,POLE BENDING - Rookie,Youth,229,2026,
430002,POLE BENDING - Level 1,Youth,230,2026,
430003,POLE BENDING - Level 2,Youth,231,2026,
430006,POLE BENDING - Level 3,Youth,232,2026,
430500,POLE BENDING 11 AND UNDER,Youth,233,2026,
430600,POLE BENDING 12-14,Youth,234,2026,
430700,POLE BENDING 13 AND UNDER,Youth,235,2026,
430701,POLE BENDING 13 AND UNDER - Rookie,Youth,236,2026,
430702,POLE BENDING 13 AND UNDER - Level 1,Youth,237,2026,
430703,POLE BENDING 13 AND UNDER - Level 2,Youth,238,2026,
430706,POLE BENDING 13 AND UNDER - Level 3,Youth,239,2026,
430800,POLE BENDING 14-18,Youth,240,2026,
430801,POLE BENDING 14-18 - Rookie,Youth,241,2026,
430802,POLE BENDING 14-18 - Level 1,Youth,242,2026,
430803,POLE BENDING 14-18 - Level 2,Youth,243,2026,
430806,POLE BENDING 14-18 - Level 3,Youth,244,2026,
430900,POLE BENDING 15-18,Youth,245,2026,
432000,STAKE RACE,Youth,246,2026,
432001,STAKE RACE - Rookie,Youth,247,2026,
432002,STAKE RACE - Level 1,Youth,248,2026,
432003,STAKE RACE - Level 2,Youth,249,2026,
432006,STAKE RACE - Level 3,Youth,250,2026,
432500,STAKE RACE 11 AND UNDER,Youth,251,2026,
432600,STAKE RACE 12-14,Youth,252,2026,
432700,STAKE RACE 13 AND UNDER,Youth,253,2026,
432701,STAKE RACE 13 AND UNDER - Rookie,Youth,254,2026,
432702,STAKE RACE 13 AND UNDER - Level 1,Youth,255,2026,
432703,STAKE RACE 13 AND UNDER - Level 2,Youth,256,2026,
432706,STAKE RACE 13 AND UNDER - Level 3,Youth,257,2026,
432800,STAKE RACE 14-18,Youth,258,2026,
432801,STAKE RACE 14-18 - Rookie,Youth,259,2026,
432802,STAKE RACE 14-18 - Level 1,Youth,260,2026,
432803,STAKE RACE 14-18 - Level 2,Youth,261,2026,
432806,STAKE RACE 14-18 - Level 3,Youth,262,2026,
432900,STAKE RACE 15-18,Youth,263,2026,
434000,REINING,Youth,264,2026,
434001,REINING - Rookie,Youth,265,2026,
434002,REINING - Level 1,Youth,266,2026,
434003,REINING - Level 2,Youth,267,2026,
434006,REINING - Level 3,Youth,268,2026,
434500,REINING 11 AND UNDER,Youth,269,2026,
434600,REINING 12-14,Youth,270,2026,
434700,REINING 13 AND UNDER,Youth,271,2026,
434701,REINING 13 AND UNDER - Rookie,Youth,272,2026,
434702,REINING 13 AND UNDER - Level 1,Youth,273,2026,
434703,REINING 13 AND UNDER - Level 2,Youth,274,2026,
434706,REINING 13 AND UNDER - Level 3,Youth,275,2026,
434800,REINING 14-18,Youth,276,2026,
434801,REINING 14-18 - Rookie,Youth,277,2026,
434802,REINING 14-18 - Level 1,Youth,278,2026,
434803,REINING 14-18 - Level 2,Youth,279,2026,
434806,REINING 14-18 - Level 3,Youth,280,2026,
434900,REINING 15-18,Youth,281,2026,
436000,WESTERN RIDING,Youth,282,2026,
436001,WESTERN RIDING - Rookie,Youth,283,2026,
436002,WESTERN RIDING - Level 1,Youth,284,2026,
436003,WESTERN RIDING - Level 2,Youth,285,2026,
436006,WESTERN RIDING - Level 3,Youth,286,2026,
436500,WESTERN RIDING 11 AND UNDER,Youth,287,2026,
436600,WESTERN RIDING 12-14,Youth,288,2026,
436700,WESTERN RIDING 13 AND UNDER,Youth,289,2026,
436701,WESTERN RIDING 13 AND UNDER - Rookie,Youth,290,2026,
436702,WESTERN RIDING 13 AND UNDER - Level 1,Youth,291,2026,
436703,WESTERN RIDING 13 AND UNDER - Level 2,Youth,292,2026,
436706,WESTERN RIDING 13 AND UNDER - Level 3,Youth,293,2026,
436800,WESTERN RIDING 14-18,Youth,294,2026,
436801,WESTERN RIDING 14-18 - Rookie,Youth,295,2026,
436802,WESTERN RIDING 14-18 - Level 1,Youth,296,2026,
436803,WESTERN RIDING 14-18 - Level 2,Youth,297,2026,
436806,WESTERN RIDING 14-18 - Level 3,Youth,298,2026,
436900,WESTERN RIDING 15-18,Youth,299,2026,
438000,TRAIL,Youth,300,2026,
438001,TRAIL - Rookie,Youth,301,2026,
438002,TRAIL - Level 1,Youth,302,2026,
438003,TRAIL - Level 2,Youth,303,2026,
438006,TRAIL - Level 3,Youth,304,2026,
438102,WALK TROT TRAIL - Level 1,Youth,305,2026,
438402,SMALL FRY TRAIL,Youth,306,2026,
438500,TRAIL 11 AND UNDER,Youth,307,2026,
438503,TRAIL 11 AND UNDER - Level 2,Youth,308,2026,
438600,TRAIL 12-14,Youth,309,2026,
438603,TRAIL 12-14 - Level 2,Youth,310,2026,
438700,TRAIL 13 AND UNDER,Youth,311,2026,
438701,TRAIL 13 AND UNDER - Rookie,Youth,312,2026,
438702,TRAIL 13 AND UNDER - Level 1,Youth,313,2026,
438703,TRAIL 13 AND UNDER - Level 2,Youth,314,2026,
438706,TRAIL 13 AND UNDER - Level 3,Youth,315,2026,
438800,TRAIL 14-18,Youth,316,2026,
438801,TRAIL 14-18 - Rookie,Youth,317,2026,
438802,TRAIL 14-18 - Level 1,Youth,318,2026,
438803,TRAIL 14-18 - Level 2,Youth,319,2026,
438806,TRAIL 14-18 - Level 3,Youth,320,2026,
438900,TRAIL 15-18,Youth,321,2026,
438903,TRAIL 15-18 - Level 2,Youth,322,2026,
440000,WESTERN HORSEMANSHIP,Youth,323,2026,
440001,WESTERN HORSEMANSHIP - Rookie,Youth,324,2026,
440002,WESTERN HORSEMANSHIP - Level 1,Youth,325,2026,
440003,WESTERN HORSEMANSHIP - Level 2,Youth,326,2026,
440006,WESTERN HORSEMANSHIP - Level 3,Youth,327,2026,
440102,WALK TROT WESTERN HORSEMANSHIP - Level 1,Youth,328,2026,
440402,SMALL FRY WESTERN HORSEMANSHIP,Youth,329,2026,
440500,WESTERN HORSEMANSHIP 11 AND UNDER,Youth,330,2026,
440600,WESTERN HORSEMANSHIP 12-14,Youth,331,2026,
440700,WESTERN HORSEMANSHIP 13 AND UNDER,Youth,332,2026,
440701,WESTERN HORSEMANSHIP 13 AND UN - ROK,Youth,333,2026,
440702,WESTERN HORSEMANSHIP 13 AND UN - LV1,Youth,334,2026,
440703,WESTERN HORSEMANSHIP 13 AND UN - LV2,Youth,335,2026,
440706,WESTERN HORSEMANSHIP 13 AND UN - LV3,Youth,336,2026,
440800,WESTERN HORSEMANSHIP 14-18,Youth,337,2026,
440801,WESTERN HORSEMANSHIP 14-18 - Rookie,Youth,338,2026,
440802,WESTERN HORSEMANSHIP 14-18 - Level 1,Youth,339,2026,
440803,WESTERN HORSEMANSHIP 14-18 - Level 2,Youth,340,2026,
440806,WESTERN HORSEMANSHIP 14-18 - Level 3,Youth,341,2026,
440900,WESTERN HORSEMANSHIP 15-18,Youth,342,2026,
442000,WESTERN PLEASURE,Youth,343,2026,
442001,WESTERN PLEASURE - Rookie,Youth,344,2026,
442002,WESTERN PLEASURE - Level 1,Youth,345,2026,
442003,WESTERN PLEASURE - Level 2,Youth,346,2026,
442006,WESTERN PLEASURE - Level 3,Youth,347,2026,
442102,WALK TROT WESTERN PLEASURE - Level 1,Youth,348,2026,
442402,SMALL FRY WESTERN PLEASURE,Youth,349,2026,
442500,WESTERN PLEASURE 11 AND UNDER,Youth,350,2026,
442600,WESTERN PLEASURE 12-14,Youth,351,2026,
442700,WESTERN PLEASURE 13 AND UNDER,Youth,352,2026,
442701,WESTERN PLEASURE 13 AND UNDER - Rookie,Youth,353,2026,
442702,WESTERN PLEASURE 13 AND UNDER - Level 1,Youth,354,2026,
442703,WESTERN PLEASURE 13 AND UNDER - Level 2,Youth,355,2026,
442706,WESTERN PLEASURE 13 AND UNDER - Level 3,Youth,356,2026,
442800,WESTERN PLEASURE 14-18,Youth,357,2026,
442801,WESTERN PLEASURE 14-18 - Rookie,Youth,358,2026,
442802,WESTERN PLEASURE 14-18 - Level 1,Youth,359,2026,
442803,WESTERN PLEASURE 14-18 - Level 2,Youth,360,2026,
442806,WESTERN PLEASURE 14-18 - Level 3,Youth,361,2026,
442900,WESTERN PLEASURE 15-18,Youth,362,2026,
443000,RANCH RIDING,Youth,363,2026,
443001,RANCH RIDING - ROOKIE,Youth,364,2026,
443002,RANCH RIDING - LEVEL 1,Youth,365,2026,
443003,RANCH RIDING - LEVEL 2,Youth,366,2026,
443006,RANCH RIDING - LEVEL 3,Youth,367,2026,
443402,SMALL FRY RANCH RIDING,Youth,368,2026,
443700,RANCH RIDING 13 AND UNDER,Youth,369,2026,
443701,RANCH RIDING 13 AND UNDER - ROOKIE,Youth,370,2026,
443702,RANCH RIDING 13 AND UNDER - LEVEL 1,Youth,371,2026,
443703,RANCH RIDING 13 AND UNDER - LEVEL 2,Youth,372,2026,
443706,RANCH RIDING 13 AND UNDER - LEVEL 3,Youth,373,2026,
443800,RANCH RIDING 14-18,Youth,374,2026,
443801,RANCH RIDING 14-18 - ROOKIE,Youth,375,2026,
443802,RANCH RIDING 14-18 - LEVEL 1,Youth,376,2026,
443803,RANCH RIDING 14-18 - LEVEL 2,Youth,377,2026,
443806,RANCH RIDING 14-18 - LEVEL 3,Youth,378,2026,
444000,HUNTER UNDER SADDLE,Youth,379,2026,
444001,HUNTER UNDER SADDLE - Rookie,Youth,380,2026,
444002,HUNTER UNDER SADDLE - Level 1,Youth,381,2026,
444003,HUNTER UNDER SADDLE - Level 2,Youth,382,2026,
444006,HUNTER UNDER SADDLE - Level 3,Youth,383,2026,
444102,WALK TROT HUNTER UNDER SADDLE - Level 1,Youth,384,2026,
444402,SMALL FRY HUNTER UNDER SADDLE,Youth,385,2026,
444500,HUNTER UNDER SADDLE 11 AND UNDER,Youth,386,2026,
444600,HUNTER UNDER SADDLE 12-14,Youth,387,2026,
444700,HUNTER UNDER SADDLE 13 AND UNDER,Youth,388,2026,
444701,HUNTER UNDER SADDLE 13 AND UN - ROK,Youth,389,2026,
444702,HUNTER UNDER SADDLE 13 AND UN - LV1,Youth,390,2026,
444703,HUNTER UNDER SADDLE 13 AND UN - LV2,Youth,391,2026,
444706,HUNTER UNDER SADDLE 13 AND UN - LV3,Youth,392,2026,
444800,HUNTER UNDER SADDLE 14-18,Youth,393,2026,
444801,HUNTER UNDER SADDLE 14-18 - Rookie,Youth,394,2026,
444802,HUNTER UNDER SADDLE 14-18 - Level 1,Youth,395,2026,
444803,HUNTER UNDER SADDLE 14-18 - Level 2,Youth,396,2026,
444806,HUNTER UNDER SADDLE 14-18 - Level 3,Youth,397,2026,
444900,HUNTER UNDER SADDLE 15-18,Youth,398,2026,
448000,JUMPING,Youth,399,2026,
450000,WORKING HUNTER,Youth,400,2026,
450001,WORKING HUNTER - Rookie,Youth,401,2026,
450002,WORKING HUNTER - Level 1,Youth,402,2026,
450003,WORKING HUNTER - Level 2,Youth,403,2026,
450006,WORKING HUNTER - Level 3,Youth,404,2026,
450500,WORKING HUNTER 11 AND UNDER,Youth,405,2026,
450600,WORKING HUNTER 12-14,Youth,406,2026,
450700,WORKING HUNTER 13 AND UNDER,Youth,407,2026,
450701,WORKING HUNTER 13 AND UNDER - Rookie,Youth,408,2026,
450702,WORKING HUNTER 13 AND UNDER - Level 1,Youth,409,2026,
450703,WORKING HUNTER 13 AND UNDER - Level 2,Youth,410,2026,
450706,WORKING HUNTER 13 AND UNDER - Level 3,Youth,411,2026,
450800,WORKING HUNTER 14-18,Youth,412,2026,
450801,WORKING HUNTER 14-18 - Rookie,Youth,413,2026,
450802,WORKING HUNTER 14-18 - Level 1,Youth,414,2026,
450803,WORKING HUNTER 14-18 - Level 2,Youth,415,2026,
450806,WORKING HUNTER 14-18 - Level 3,Youth,416,2026,
450900,WORKING HUNTER 15-18,Youth,417,2026,
451000,HUNTER HACK,Youth,418,2026,
451001,HUNTER HACK - Rookie,Youth,419,2026,
451002,HUNTER HACK - Level 1,Youth,420,2026,
451003,HUNTER HACK - Level 2,Youth,421,2026,
451006,HUNTER HACK - Level 3,Youth,422,2026,
451500,HUNTER HACK 11 AND UNDER,Youth,423,2026,
451600,HUNTER HACK 12-14,Youth,424,2026,
451700,HUNTER HACK 13 AND UNDER,Youth,425,2026,
451701,HUNTER HACK 13 AND UNDER - Rookie,Youth,426,2026,
451702,HUNTER HACK 13 AND UNDER - Level 1,Youth,427,2026,
451703,HUNTER HACK 13 AND UNDER - Level 2,Youth,428,2026,
451706,HUNTER HACK 13 AND UNDER - Level 3,Youth,429,2026,
451800,HUNTER HACK 14-18,Youth,430,2026,
451801,HUNTER HACK 14-18 - Rookie,Youth,431,2026,
451802,HUNTER HACK 14-18 - Level 1,Youth,432,2026,
451803,HUNTER HACK 14-18 - Level 2,Youth,433,2026,
451806,HUNTER HACK 14-18 - Level 3,Youth,434,2026,
451900,HUNTER HACK 15-18,Youth,435,2026,
452000,HUNT SEAT EQUITATION,Youth,436,2026,
452001,HUNT SEAT EQUITATION - Rookie,Youth,437,2026,
452002,HUNT SEAT EQUITATION - Level 1,Youth,438,2026,
452003,HUNT SEAT EQUITATION - Level 2,Youth,439,2026,
452006,HUNT SEAT EQUITATION - Level 3,Youth,440,2026,
452102,WALK TROT HUNT SEAT EQUITATION - Level 1,Youth,441,2026,
452402,SMALL FRY HUNT SEAT EQUITATION ON THE FLAT,Youth,442,2026,
452500,HUNT SEAT EQUITATION 11 AND UNDER,Youth,443,2026,
452600,HUNT SEAT EQUITATION 12-14,Youth,444,2026,
452700,HUNT SEAT EQUITATION 13 AND UNDER,Youth,445,2026,
452701,HUNT SEAT EQUITATION 13 AND UN - ROK,Youth,446,2026,
452702,HUNT SEAT EQUITATION 13 AND UN - LV1,Youth,447,2026,
452703,HUNT SEAT EQUITATION 13 AND UN - LV2,Youth,448,2026,
452706,HUNT SEAT EQUITATION 13 AND UN - LV3,Youth,449,2026,
452800,HUNT SEAT EQUITATION 14-18,Youth,450,2026,
452801,HUNT SEAT EQUITATION 14-18 - Rookie,Youth,451,2026,
452802,HUNT SEAT EQUITATION 14-18 - Level 1,Youth,452,2026,
452803,HUNT SEAT EQUITATION 14-18 - Level 2,Youth,453,2026,
452806,HUNT SEAT EQUITATION 14-18 - Level 3,Youth,454,2026,
452900,HUNT SEAT EQUITATION 15-18,Youth,455,2026,
453000,EQUITATION OVER FENCES,Youth,456,2026,
453001,EQUITATION OVER FENCES - Rookie,Youth,457,2026,
453002,EQUITATION OVER FENCES - Level 1,Youth,458,2026,
453003,EQUITATION OVER FENCES - Level 2,Youth,459,2026,
453006,EQUITATION OVER FENCES - Level 3,Youth,460,2026,
453500,EQUITATION OVER FENCES 11 AND UNDER,Youth,461,2026,
453600,EQUITATION OVER FENCES 12-14,Youth,462,2026,
453700,EQUITATION OVER FENCES 13 AND UNDER,Youth,463,2026,
453701,EQUITATION OVER FENCES 13 AND UN - ROK,Youth,464,2026,
453702,EQUITATION OVER FENCES 13 AND UN - LV1,Youth,465,2026,
453703,EQUITATION OVER FENCES 13 AND UN - LV2,Youth,466,2026,
453706,EQUITATION OVER FENCES 13 AND UN - LV3,Youth,467,2026,
453800,EQUITATION OVER FENCES 14-18,Youth,468,2026,
453801,EQUITATION OVER FENCES 14-18 - Rookie,Youth,469,2026,
453802,EQUITATION OVER FENCES 14-18 - Level 1,Youth,470,2026,
453803,EQUITATION OVER FENCES 14-18 - Level 2,Youth,471,2026,
453806,EQUITATION OVER FENCES 14-18 - Level 3,Youth,472,2026,
453900,EQUITATION OVER FENCES 15-18,Youth,473,2026,
463000,TEAM PENNING,Youth,474,2026,
465000,RANCH SORTING,Youth,475,2026,
467000,COWBOY MOUNTED SHOOTING,Youth,476,2026,
467100,LIMITED COWBOY MOUNTED SHOOTING,Youth,477,2026,
468000,LAZO DE PANAMA,Youth,478,2026,
471200,PERFORMANCE GRAND CHAMPION MARES,Youth,479,2026,
471202,PERFORMANCE GRAND CHAMPION MARES - LV1,Youth,480,2026,
471300,PERFORMANCE RESERVE CHAMPION MARES,Youth,481,2026,
471302,PERFORMANCE RESERVE CHAMPION MARES - LV1,Youth,482,2026,
471400,PERFORMANCE GRAND CHAMPION GELDINGS,Youth,483,2026,
471402,PERFORMANCE GRAND CHAMPION GELDINGS -LV1,Youth,484,2026,
471500,PERFORMANCE RESERVE CHAMPION GELDINGS,Youth,485,2026,
471502,PERFORMANCE RESERVE CHAMPION GELDING-LV1,Youth,486,2026,
475000,PERFORMANCE HALTER MARES,Youth,487,2026,
475002,PERFORMANCE HALTER MARES - Level 1,Youth,488,2026,
475003,PERFORMANCE HALTER MARES - Level 2,Youth,489,2026,
475006,PERFORMANCE HALTER MARES - Level 3,Youth,490,2026,
477000,PERFORMANCE HALTER GELDINGS,Youth,491,2026,
477002,PERFORMANCE HALTER GELDINGS - Level 1,Youth,492,2026,
477003,PERFORMANCE HALTER GELDINGS - Level 2,Youth,493,2026,
477006,PERFORMANCE HALTER GELDINGS - Level 3,Youth,494,2026,
477700,RHC YOUTH TEAM ROPING HEELING,Youth,495,2026,
477900,RHC YOUTH STEER STOPPING,Youth,496,2026,
478700,RHC ROOKIE YOUTH BOXING,Youth,497,2026,
478800,RHC YOUTH RANCH RIDING,Youth,498,2026,
478900,RHC YOUTH WORKING RANCH HORSE,Youth,499,2026,
479300,RHC YOUTH BARREL RACING,Youth,500,2026,
479500,RHC LTD YOUTH WORKING RANCH HORSE,Youth,501,2026,
479600,RHC YOUTH RANCH CUTTING,Youth,502,2026,
479700,RHC YOUTH BREAKAWAY ROPING,Youth,503,2026,
479900,RHC YOUTH TEAM ROPING HEADING,Youth,504,2026,
480000,VRH RANCH RIDING,Youth,505,2026,
480200,VRH LIMITED RANCH RIDING,Youth,506,2026,
480301,VRH ROOKIE RANCH RIDING,Youth,507,2026,
481000,VRH RANCH TRAIL,Youth,508,2026,
481200,VRH LIMITED RANCH TRAIL,Youth,509,2026,
481301,VRH ROOKIE RANCH TRAIL,Youth,510,2026,
482000,VRH RANCH CUTTING,Youth,511,2026,
482200,VRH LIMITED RANCH CUTTING,Youth,512,2026,
482301,VRH ROOKIE RANCH CUTTING,Youth,513,2026,
483000,VRH RANCH COW WORK,Youth,514,2026,
483301,VRH ROOKIE RANCH COW WORK,Youth,515,2026,
484000,VRH RANCH REINING,Youth,516,2026,
484200,VRH LIMITED RANCH REINING,Youth,517,2026,
484301,VRH ROOKIE RANCH REINING,Youth,518,2026,
485000,VRH LIMITED RANCH COW WORK,Youth,519,2026,
488000,VRH RANCH CONFORMATION,Youth,520,2026,
488200,VRH LIMITED CONFORMATION,Youth,521,2026,
488301,VRH ROOKIE RANCH CONFORMATION,Youth,522,2026,
489000,VRH RANCH CONFORMATION CHAMPION,Youth,523,2026,
489800,VRH RANCH CONFORMATION MARES,Youth,524,2026,
489900,VRH RANCH CONFORMATION GELDINGS,Youth,525,2026,
490000,DRESSAGE TRAINING LEVEL - TEST 1,Youth,526,2026,
490100,DRESSAGE TRAINING LEVEL - TEST 2,Youth,527,2026,
490200,DRESSAGE TRAINING LEVEL - TEST 3,Youth,528,2026,
490300,DRESSAGE TRAINING LEVEL HIGHEST TEST,Youth,529,2026,
491000,DRESSAGE FIRST LEVEL - TEST 1,Youth,530,2026,
491100,DRESSAGE FIRST LEVEL - TEST 2,Youth,531,2026,
491200,DRESSAGE FIRST LEVEL - TEST 3,Youth,532,2026,
492000,DRESSAGE SECOND LEVEL - TEST 1,Youth,533,2026,
492100,DRESSAGE SECOND LEVEL - TEST 2,Youth,534,2026,
492200,DRESSAGE SECOND LEVEL - TEST 3,Youth,535,2026,
493000,DRESSAGE THIRD LEVEL - TEST 1,Youth,536,2026,
493100,DRESSAGE THIRD LEVEL - TEST 2,Youth,537,2026,
493200,DRESSAGE THIRD LEVEL - TEST 3,Youth,538,2026,
494000,DRESSAGE FOURTH LEVEL - TEST 1,Youth,539,2026,
494100,DRESSAGE FOURTH LEVEL - TEST 2,Youth,540,2026,
494200,DRESSAGE FOURTH LEVEL - TEST 3,Youth,541,2026,
495000,DRESSAGE FEI - PRIX ST GEORGE,Youth,542,2026,
496000,DRESSAGE FEI - INTERMEDIATE I,Youth,543,2026,
497000,DRESSAGE FEI - INTERMEDIATE II,Youth,544,2026,
498000,DRESSAGE FEI - GRAND PRIX,Youth,545,2026,
4107000,TIMED RANCH TRAIL (CHINA),Youth,546,2026,
4108000,WORKING HUNTER UNDER SADDLE,Youth,547,2026,
4108001,WORKING HUNTER UNDER SADDLE ROOKIE,Youth,548,2026,
4108002,WORKING HUNTER UNDER SADDLE LEVEL 1,Youth,549,2026,
4108003,WORKING HUNTER UNDER SADDLE LEVEL 2,Youth,550,2026,
4108006,WORKING HUNTER UNDER SADDLE LEVEL 3,Youth,551,2026,
4108700,WORKING HUNTER UNDER SADDLE 13 AND UNDER,Youth,552,2026,
4108701,WORKING HUNTER UNDER SADDLE 13 and UNDER ROOKIE,Youth,553,2026,
4108702,WORKING HUNTER UNDER SADDLE 13 and UNDER LEVEL 1,Youth,554,2026,
4108703,WORKING HUNTER UNDER SADDLE 13 and UNDER LEVEL 2,Youth,555,2026,
4108706,WORKING HUNTER UNDER SADDLE 13 and UNDER LEVEL 3,Youth,556,2026,
4108800,WORKING HUNTER UNDER SADDLE 14 - 18,Youth,557,2026,
4108801,WORKING HUNTER UNDER SADDLE 14 18 ROOKIE,Youth,558,2026,
4108802,WORKING HUNTER UNDER SADDLE 14 18 LEVEL 1,Youth,559,2026,
4108803,WORKING HUNTER UNDER SADDLE 14 18 LEVEL 2,Youth,560,2026,
4108806,WORKING HUNTER UNDER SADDLE 14 18 LEVEL 3,Youth,561,2026,
4109000,RANCH TRAIL,Youth,562,2026,
4109001,RANCH TRAIL ROOKIE,Youth,563,2026,
4109002,RANCH TRAIL LEVEL 1,Youth,564,2026,
4109003,RANCH TRAIL LEVEL 2,Youth,565,2026,
4109006,RANCH TRAIL LEVEL 3,Youth,566,2026,
4109700,RANCH TRAIL 13 AND UNDER,Youth,567,2026,
4109701,RANCH TRAIL 13 AND UNDER ROOKIE,Youth,568,2026,
4109702,RANCH TRAIL 13 AND UNDER LEVEL 1,Youth,569,2026,
4109703,RANCH TRAIL 13 AND UNDER LEVEL 2,Youth,570,2026,
4109706,RANCH TRAIL 13 AND UNDER LEVEL 3,Youth,571,2026,
4109800,RANCH TRAIL 14 - 18,Youth,572,2026,
4109801,RANCH TRAIL 14 18 ROOKIE,Youth,573,2026,
4109802,RANCH TRAIL 14 18 LEVEL 1,Youth,574,2026,
4109803,RANCH TRAIL 14 18 LEVEL 2,Youth,575,2026,
4109806,RANCH TRAIL 14 18 LEVEL 3,Youth,576,2026,
4120000,WESTERN DRESSAGE BASIC TEST 1,Youth,577,2026,
4121000,WESTERN DRESSAGE BASIC TEST 2,Youth,578,2026,
4122000,WESTERN DRESSAGE BASIC TEST 3,Youth,579,2026,
4123000,WESTERN DRESSAGE BASIC TEST 4,Youth,580,2026,
4130000,WESTERN DRESSAGE LEVEL 1 TEST 1,Youth,581,2026,
4131000,WESTERN DRESSAGE LEVEL 1 TEST 2,Youth,582,2026,
4132000,WESTERN DRESSAGE LEVEL 1 TEST 3,Youth,583,2026,
4133000,WESTERN DRESSAGE LEVEL 1 TEST 4,Youth,584,2026,
4140000,WESTERN DRESSAGE LEVEL 2 TEST 1,Youth,585,2026,
4141000,WESTERN DRESSAGE LEVEL 2 TEST 2,Youth,586,2026,
4142000,WESTERN DRESSAGE LEVEL 2 TEST 3,Youth,587,2026,
4143000,WESTERN DRESSAGE LEVEL 2 TEST 4,Youth,588,2026,
4150000,WESTERN DRESSAGE LEVEL 3 TEST 1,Youth,589,2026,
4151000,WESTERN DRESSAGE LEVEL 3 TEST 2,Youth,590,2026,
4152000,WESTERN DRESSAGE LEVEL 3 TEST 3,Youth,591,2026,
4153000,WESTERN DRESSAGE LEVEL 3 TEST 4,Youth,592,2026,
4160000,WESTERN DRESSAGE LEVEL 4 TEST 1,Youth,593,2026,
4161000,WESTERN DRESSAGE LEVEL 4 TEST 2,Youth,594,2026,
4162000,WESTERN DRESSAGE LEVEL 4 TEST 3,Youth,595,2026,
4163000,WESTERN DRESSAGE LEVEL 4 TEST 4,Youth,596,2026,
4170000,WORKING WESTERN RAIL,Youth,597,2026,
4170001,WORKING WESTERN RAIL ROOKIE,Youth,598,2026,
4170002,WORKING WESTERN RAIL LEVEL 1,Youth,599,2026,
4170003,WORKING WESTERN RAIL LEVEL 2,Youth,600,2026,
4170006,WORKING WESTERN RAIL LEVEL 3,Youth,601,2026,
4170500,WORKING WESTERN RAIL 11 AND UNDER,Youth,602,2026,
4170501,WORKING WESTERN RAIL 11 AND UNDER ROOKIE,Youth,603,2026,
4170502,WORKING WESTERN RAIL 11 AND UNDER LEVEL 1,Youth,604,2026,
4170503,WORKING WESTERN RAIL 11 AND UNDER LEVEL 2,Youth,605,2026,
4170506,WORKING WESTERN RAIL 11 AND UNDER LEVEL 3,Youth,606,2026,
4170600,WORKING WESTERN RAIL 12 14,Youth,607,2026,
4170601,WORKING WESTERN RAIL 12 14 ROOKIE,Youth,608,2026,
4170602,WORKING WESTERN RAIL 12 14 LEVEL 1,Youth,609,2026,
4170603,WORKING WESTERN RAIL 12 14 LEVEL 2,Youth,610,2026,
4170606,WORKING WESTERN RAIL 12 14 LEVEL 3,Youth,611,2026,
4170700,WORKING WESTERN RAIL 13 AND UNDER,Youth,612,2026,
4170701,WORKING WESTERN RAIL 13 AND UNDER ROOKIE,Youth,613,2026,
4170702,WORKING WESTERN RAIL 13 AND UNDER LEVEL 1,Youth,614,2026,
4170703,WORKING WESTERN RAIL 13 AND UNDER LEVEL 2,Youth,615,2026,
4170706,WORKING WESTERN RAIL 13 AND UNDER LEVEL 3,Youth,616,2026,
4170800,WORKING WESTERN RAIL 14 18,Youth,617,2026,
4170801,WORKING WESTERN RAIL 14 18 ROOKIE,Youth,618,2026,
4170802,WORKING WESTERN RAIL 14 18 LEVEL 1,Youth,619,2026,
4170803,WORKING WESTERN RAIL 14 18 LEVEL 2,Youth,620,2026,
4170806,WORKING WESTERN RAIL 14 18 LEVEL 3,Youth,621,2026,
4170900,WORKING WESTERN RAIL 15 18,Youth,622,2026,
4170901,WORKING WESTERN RAIL 15 18 ROOKIE,Youth,623,2026,
4170902,WORKING WESTERN RAIL 15 18 LEVEL 1,Youth,624,2026,
4170903,WORKING WESTERN RAIL 15 18 LEVEL 2,Youth,625,2026,
4170906,WORKING WESTERN RAIL 15 18 LEVEL 3,Youth,626,2026,
605500,EWD HALTER MARES,Equestrians With Disabilities,1,2026,
607700,EWD HALTER GELDINGS,Equestrians With Disabilities,2,2026,
612000,WALK ONLY SHOWMANSHIP AT HALTER,Equestrians With Disabilities,3,2026,
612100,WALK-TROT-JOG SHOWMANSHIP AT HALTER,Equestrians With Disabilities,4,2026,
634100,WALK-JOG PARA REINING (INDEP),Equestrians With Disabilities,5,2026,
634200,WALK-JOG-LOPE PARA REINING (INDE),Equestrians With Disabilities,6,2026,
638100,WALK-JOG TRAIL (INDEPENDENT),Equestrians With Disabilities,7,2026,
638200,WALK-JOG-LOPE TRAIL (INDEPENDENT),Equestrians With Disabilities,8,2026,
638300,WALK-JOG TRAIL (SUPPORTED),Equestrians With Disabilities,9,2026,
640100,WALK-JOG WESTERN HORSEMANSHIP (INDE),Equestrians With Disabilities,10,2026,
640200,WALK-JOG-LOPE W HORSEMANSHIP (INDE),Equestrians With Disabilities,11,2026,
640300,WALK-JOG W HORSEMANSHIP (SUPPORTED),Equestrians With Disabilities,12,2026,
642100,WALK-JOG W PLEASURE (INDEPENDENT),Equestrians With Disabilities,13,2026,
642200,WALK-JOG-LOPE W PLEASURE (INDE),Equestrians With Disabilities,14,2026,
642300,WALK-JOG WESTERN PLEASURE (SUPPORTED),Equestrians With Disabilities,15,2026,
644100,WALK-TROT HUS (INDEPENDENT),Equestrians With Disabilities,16,2026,
644200,WALK-TROT-CANTER HUS (INDEPENDENT),Equestrians With Disabilities,17,2026,
644300,WALK-TROT HUS (SUPPORTED),Equestrians With Disabilities,18,2026,
652000,WALK-TROT HUNT SEAT EQUIT(SUPPORTED),Equestrians With Disabilities,19,2026,
652100,WALK-TROT HUNT SEAT EQ (INDE),Equestrians With Disabilities,20,2026,
652200,WALK-TROT-CANTER HUNT SEAT EQ(INDE),Equestrians With Disabilities,21,2026,
