INSERT INTO shows (id, name, venue, start_date, end_date)
VALUES (
  '11111111-1111-1111-1111-111111111111',
  'Spring Ranch & Pleasure Open Show',
  'Scott County Fairgrounds',
  '2026-05-10',
  '2026-05-11'
);

INSERT INTO rings (id, show_id, name) VALUES
('22222222-2222-2222-2222-222222222221', '11111111-1111-1111-1111-111111111111', 'Main Arena'),
('22222222-2222-2222-2222-222222222222', '11111111-1111-1111-1111-111111111111', 'Warm-Up Arena');

INSERT INTO divisions (id, show_id, name) VALUES
('33333333-3333-3333-3333-333333333331', '11111111-1111-1111-1111-111111111111', 'Open'),
('33333333-3333-3333-3333-333333333332', '11111111-1111-1111-1111-111111111111', 'Amateur');

INSERT INTO classes (id, show_id, ring_id, division_id, class_number, class_name, class_date, status) VALUES
('44444444-4444-4444-4444-444444444441', '11111111-1111-1111-1111-111111111111', '22222222-2222-2222-2222-222222222221', '33333333-3333-3333-3333-333333333331', '101', 'Ranch Riding – Open', '2026-05-10', 'OPEN'),
('44444444-4444-4444-4444-444444444442', '11111111-1111-1111-1111-111111111111', '22222222-2222-2222-2222-222222222221', '33333333-3333-3333-3333-333333333332', '102', 'Western Pleasure – Amateur', '2026-05-10', 'OPEN');

INSERT INTO users (id, role, full_name, email) VALUES
('55555555-5555-5555-5555-555555555551', 'ADMIN', 'Show Admin', 'admin@horseshow.test'),
('55555555-5555-5555-5555-555555555552', 'SCOREKEEPER', 'Official Scorekeeper', 'scorekeeper@horseshow.test');

INSERT INTO riders (id, full_name) VALUES
('66666666-6666-6666-6666-666666666661', 'Emma Larson'),
('66666666-6666-6666-6666-666666666662', 'Jake Peterson'),
('66666666-6666-6666-6666-666666666663', 'Megan Schultz');

INSERT INTO horses (id, name, owner_name) VALUES
('77777777-7777-7777-7777-777777777771', 'Red Oak Ranger', 'Larson Farms'),
('77777777-7777-7777-7777-777777777772', 'Blue River Jet', 'Peterson Performance'),
('77777777-7777-7777-7777-777777777773', 'Midnight Willow', 'Schultz Stables');

INSERT INTO entries (id, class_id, rider_id, horse_id, back_number, status) VALUES
('88888888-8888-8888-8888-888888888881', '44444444-4444-4444-4444-444444444441', '66666666-6666-6666-6666-666666666661', '77777777-7777-7777-7777-777777777771', 201, 'ENTERED'),
('88888888-8888-8888-8888-888888888882', '44444444-4444-4444-4444-444444444441', '66666666-6666-6666-6666-666666666662', '77777777-7777-7777-7777-777777777772', 202, 'ENTERED'),
('88888888-8888-8888-8888-888888888883', '44444444-4444-4444-4444-444444444442', '66666666-6666-6666-6666-666666666663', '77777777-7777-7777-7777-777777777773', 301, 'ENTERED');

INSERT INTO results (id, class_id, entry_id, place, is_tie, notes) VALUES
('99999999-9999-9999-9999-999999999991', '44444444-4444-4444-4444-444444444441', '88888888-8888-8888-8888-888888888881', 1, false, 'Smooth, consistent run'),
('99999999-9999-9999-9999-999999999992', '44444444-4444-4444-4444-444444444441', '88888888-8888-8888-8888-888888888882', 2, false, 'Strong overall performance');
